program_id,ref_id,customer_id,transaction_id,stamp_ditributed
GAMIFICATION-SEASON2,IGAME_CASH_DISBURSE,5463,5651,28255
GAMIFICATION-SEASON2,IGAME_CASH_OUT,797,797,797
GAMIFICATION-SEASON2,IGAME_CC_BILL_PAY,159,159,159
GAMIFICATION-SEASON2,IGAME_DAILY_LOGIN,314849,516450,516464
GAMIFICATION-SEASON2,IGAME_DANA_APP,1541,3630,10890
GAMIFICATION-SEASON2,IGAME_MULTIFINANCE,3582,3582,3582
GAMIFICATION-SEASON2,IGAME_PAKET_DATA,897,1415,1415
GAMIFICATION-SEASON2,IGAME_PARKING_PAY,2595,3348,3348
GAMIFICATION-SEASON2,IGAME_PAYLATER_ACT_H,1563,1563,46890
GAMIFICATION-SEASON2,IGAME_PAYLATER_ACT_L,1386,1386,13860
GAMIFICATION-SEASON2,IGAME_PAYLATER_UP_B2B,270,385,1925
GAMIFICATION-SEASON2,IGAME_PLN_MTIX_APP,2480,2863,5726
GAMIFICATION-SEASON2,IGAME_PLN_TOKEN,1727,1898,1898
GAMIFICATION-SEASON2,IGAME_PULSA_PRABAYAR,2577,3154,3154
GAMIFICATION-SEASON2,IGAME_QR_HUNT_MERCHANT,1245,19080,38160
GAMIFICATION-SEASON2,IGAME_QRIS_PAYMENT,48448,133775,133775
GAMIFICATION-SEASON2,IGAME_QRIS_PAYMENT_PAYLATER,824,1271,3813
GAMIFICATION-SEASON2,IGAME_QRIS_PAYMENT_SPECIFIC,1401,4411,8822
GAMIFICATION-SEASON2,IGAME_REPAYMENT,3182,3182,15910
GAMIFICATION-SEASON2,IGAME_TOPUP_BALANCE,82793,120422,120422
GAMIFICATION-SEASON2,IGAME_TOPUP_EWALLET,13119,17369,17369
GAMIFICATION-SEASON2,IGAME_TRANSFER_BANK,56958,103384,103384
GAMIFICATION-SEASON2,IGAME_UPGRADE_PRIME,11551,11551,57755
GAMIFICATION-SEASON2,IGAME_VA_PAYMENT_PAYLATER,218,238,714
GAMIFICATION-SEASON2,IGAME_VA_PAYMENT_WALLET,723,1584,3168
GAMIFICATION-SEASON2,IGAME_VIRTUAL_DEBIT,3545,9490,18984
GAMIFICATION-SEASON2,IGAME_WEEKLY_BALANCE,88,88,176
GAMIFICATION-SEASON2,IGAME_WEVERSE_DM,3,3,6
GAMIFICATION-SEASON2,IGAME_WEVERSE_MEMBERSHIP,7,7,7
GAMIFICATION-SEASON2,OPEN_DEPOSIT,1839,3700,18500
GAMIFICATION-SEASON2,OPEN_GROW,2474,4755,14265