id,name_en,description_en,image_url,claimed_image_url,open_image_url,created_time,updated_time,created_by,updated_by,name_bs,description_bs,not_eligible_image_url,locked_image_url
13,Welcome Box,,https://allo-prd-1309371152.cos.ap-jakarta.myqcloud.com/gamification/season-2/welcome-box-available.png,https://allo-prd-1309371152.cos.ap-jakarta.myqcloud.com/gamification/season-2/welcome-box-claimed.png,https://allo-prd-1309371152.cos.ap-jakarta.myqcloud.com/gamification/season-2/lottie/welcome-box.json,2026-08-28T14:36:49,2026-08-31T16:17:34,SYSTEM,SYSTEM,Welcome Box,,https://allo-prd-1309371152.cos.ap-jakarta.myqcloud.com/gamification/season-2/welcome-box-not-eligible.png,https://allo-prd-1309371152.cos.ap-jakarta.myqcloud.com/gamification/season-2/welcome-box-locked.png
14,First Stream Box,,https://allo-prd-1309371152.cos.ap-jakarta.myqcloud.com/gamification/season-2/first-stream-box-available.png,https://allo-prd-1309371152.cos.ap-jakarta.myqcloud.com/gamification/season-2/first-stream-box-claimed.png,https://allo-prd-1309371152.cos.ap-jakarta.myqcloud.com/gamification/season-2/lottie/first-stream-box.json,2026-08-28T14:36:49,2026-08-31T16:17:34,SYSTEM,SYSTEM,First Stream Box,,https://allo-prd-1309371152.cos.ap-jakarta.myqcloud.com/gamification/season-2/first-stream-box-not-eligible.png,https://allo-prd-1309371152.cos.ap-jakarta.myqcloud.com/gamification/season-2/first-stream-box-locked.png
15,CTBU Box,,https://allo-prd-1309371152.cos.ap-jakarta.myqcloud.com/gamification/season-2/ct-corp-available.png,https://allo-prd-1309371152.cos.ap-jakarta.myqcloud.com/gamification/season-2/ct-corp-claimed.png,https://allo-prd-1309371152.cos.ap-jakarta.myqcloud.com/gamification/season-2/lottie/ct-corp.json,2026-08-28T14:36:49,2026-08-31T16:17:34,SYSTEM,SYSTEM,CTBU Box,,https://allo-prd-1309371152.cos.ap-jakarta.myqcloud.com/gamification/season-2/ct-corp-not-eligible.png,https://allo-prd-1309371152.cos.ap-jakarta.myqcloud.com/gamification/season-2/ct-corp-locked.png
16,Fit Check Box,,https://allo-prd-1309371152.cos.ap-jakarta.myqcloud.com/gamification/season-2/fit-check-available.png,https://allo-prd-1309371152.cos.ap-jakarta.myqcloud.com/gamification/season-2/fit-check-claimed.png,https://allo-prd-1309371152.cos.ap-jakarta.myqcloud.com/gamification/season-2/lottie/fit-check.json,2026-08-28T14:36:49,2026-08-31T16:17:34,SYSTEM,SYSTEM,Fit Check Box,,https://allo-prd-1309371152.cos.ap-jakarta.myqcloud.com/gamification/season-2/fit-check-not-eligible.png,https://allo-prd-1309371152.cos.ap-jakarta.myqcloud.com/gamification/season-2/fit-check-locked.png
17,Weverse Box,,https://allo-prd-1309371152.cos.ap-jakarta.myqcloud.com/gamification/season-2/weverse-available.png,https://allo-prd-1309371152.cos.ap-jakarta.myqcloud.com/gamification/season-2/weverse-claimed.png,https://allo-prd-1309371152.cos.ap-jakarta.myqcloud.com/gamification/season-2/lottie/weverse.json,2026-08-28T14:36:49,2026-08-31T16:17:34,SYSTEM,SYSTEM,Weverse Box,,https://allo-prd-1309371152.cos.ap-jakarta.myqcloud.com/gamification/season-2/weverse-not-eligible.png,https://allo-prd-1309371152.cos.ap-jakarta.myqcloud.com/gamification/season-2/weverse-locked.png
18,Cineplex Box,,https://allo-prd-1309371152.cos.ap-jakarta.myqcloud.com/gamification/season-2/cineplex-available.png,https://allo-prd-1309371152.cos.ap-jakarta.myqcloud.com/gamification/season-2/cineplex-claimed.png,https://allo-prd-1309371152.cos.ap-jakarta.myqcloud.com/gamification/season-2/lottie/cineplex.json,2026-08-28T14:36:49,2026-08-31T16:17:34,SYSTEM,SYSTEM,Cineplex Box,,https://allo-prd-1309371152.cos.ap-jakarta.myqcloud.com/gamification/season-2/cineplex-not-eligible.png,https://allo-prd-1309371152.cos.ap-jakarta.myqcloud.com/gamification/season-2/cineplex-locked.png
19,Visa Box,,https://allo-prd-1309371152.cos.ap-jakarta.myqcloud.com/gamification/season-2/visa-box-available.png,https://allo-prd-1309371152.cos.ap-jakarta.myqcloud.com/gamification/season-2/visa-box-claimed.png,https://allo-prd-1309371152.cos.ap-jakarta.myqcloud.com/gamification/season-2/lottie/visa-box.json,2026-08-28T14:36:49,2026-08-31T16:17:34,SYSTEM,SYSTEM,Visa Box,,https://allo-prd-1309371152.cos.ap-jakarta.myqcloud.com/gamification/season-2/visa-box-not-eligible.png,https://allo-prd-1309371152.cos.ap-jakarta.myqcloud.com/gamification/season-2/visa-box-locked.png
20,Sports Club Box,,https://allo-prd-1309371152.cos.ap-jakarta.myqcloud.com/gamification/season-2/sports-club-box-available.png,https://allo-prd-1309371152.cos.ap-jakarta.myqcloud.com/gamification/season-2/sports-club-box-claimed.png,https://allo-prd-1309371152.cos.ap-jakarta.myqcloud.com/gamification/season-2/lottie/sports-club-box.json,2026-08-28T14:36:49,2026-08-31T16:17:34,SYSTEM,SYSTEM,Sports Club Box,,https://allo-prd-1309371152.cos.ap-jakarta.myqcloud.com/gamification/season-2/sports-club-box-not-eligible.png,https://allo-prd-1309371152.cos.ap-jakarta.myqcloud.com/gamification/season-2/sports-club-box-locked.png
21,Merchandise Box,,https://allo-prd-1309371152.cos.ap-jakarta.myqcloud.com/gamification/season-2/merch-box-available.png,https://allo-prd-1309371152.cos.ap-jakarta.myqcloud.com/gamification/season-2/merch-box-claimed.png,https://allo-prd-1309371152.cos.ap-jakarta.myqcloud.com/gamification/season-2/lottie/merch-box-no-weverse.json,2026-08-28T14:36:49,2026-08-31T16:17:34,SYSTEM,SYSTEM,Merchandise Box,,https://allo-prd-1309371152.cos.ap-jakarta.myqcloud.com/gamification/season-2/merch-box-not-eligible.png,https://allo-prd-1309371152.cos.ap-jakarta.myqcloud.com/gamification/season-2/merch-box-locked.png
22,Shared Bites Box,,https://allo-prd-1309371152.cos.ap-jakarta.myqcloud.com/gamification/season-2/shared-box-available.png,https://allo-prd-1309371152.cos.ap-jakarta.myqcloud.com/gamification/season-2/shared-box-claimed.png,https://allo-prd-1309371152.cos.ap-jakarta.myqcloud.com/gamification/season-2/lottie/shared-box.json,2026-08-28T14:36:49,2026-08-31T16:17:34,SYSTEM,SYSTEM,Shared Bites Box,,https://allo-prd-1309371152.cos.ap-jakarta.myqcloud.com/gamification/season-2/shared-box-not-eligible.png,https://allo-prd-1309371152.cos.ap-jakarta.myqcloud.com/gamification/season-2/shared-box-locked.png
23,Seoul Box,,https://allo-prd-1309371152.cos.ap-jakarta.myqcloud.com/gamification/season-2/seoul-box-available.png,https://allo-prd-1309371152.cos.ap-jakarta.myqcloud.com/gamification/season-2/seoul-box-claimed.png,https://allo-prd-1309371152.cos.ap-jakarta.myqcloud.com/gamification/season-2/lottie/seoul-box.json,2026-08-28T14:36:49,2026-08-31T16:17:34,SYSTEM,SYSTEM,Seoul Box,,https://allo-prd-1309371152.cos.ap-jakarta.myqcloud.com/gamification/season-2/seoul-box-not-eligible.png,https://allo-prd-1309371152.cos.ap-jakarta.myqcloud.com/gamification/season-2/seoul-box-locked.png
24,Fancam & Music Box,,https://allo-prd-1309371152.cos.ap-jakarta.myqcloud.com/gamification/season-2/fancam-music-box-available.png,https://allo-prd-1309371152.cos.ap-jakarta.myqcloud.com/gamification/season-2/fancam-music-box-claimed.png,https://allo-prd-1309371152.cos.ap-jakarta.myqcloud.com/gamification/season-2/lottie/fancam-music-box.json,2026-08-28T14:36:49,2026-08-31T16:17:34,SYSTEM,SYSTEM,Fancam & Music Box,,https://allo-prd-1309371152.cos.ap-jakarta.myqcloud.com/gamification/season-2/fancam-music-box-not-eligible.png,https://allo-prd-1309371152.cos.ap-jakarta.myqcloud.com/gamification/season-2/fancam-music-box-locked.png
