program_id,is_onboard_yn,box_stamp,mdc_id
GAMIFICATION-SEASON2,N,<10 stamp,258740
GAMIFICATION-SEASON2,N,Reach box 1,12183
GAMIFICATION-SEASON2,N,Reach box 2,1585
GAMIFICATION-SEASON2,N,Reach box 3,1037
GAMIFICATION-SEASON2,N,Reach box 4,2
GAMIFICATION-SEASON2,Y,<10 stamp,38733
GAMIFICATION-SEASON2,Y,Reach box 1,3530
GAMIFICATION-SEASON2,Y,Reach box 12,6
GAMIFICATION-SEASON2,Y,Reach box 2,838
GAMIFICATION-SEASON2,Y,Reach box 3,753
GAMIFICATION-SEASON2,Y,Reach box 4,333
GAMIFICATION-SEASON2,Y,Reach box 5,252
GAMIFICATION-SEASON2,Y,Reach box 6,200
GAMIFICATION-SEASON2,Y,Reach box 7,197
GAMIFICATION-SEASON2,Y,Reach box 8,72
GAMIFICATION-SEASON2,Y,Reach box 9,2
