id,blind_box_id,name_en,description_en,rarity,type,weight,image_url,stock_total,stock_distributed,coupon_ref_id,cashback_value,created_time,updated_time,created_by,updated_by,name_bs,description_bs,status,fallback_sort,is_active_yn,stock_bound,order_id
30034,13,Indomaret Discount of Rp5K,Indomaret Discount of Rp5K,RARE,COUPON,5.000,https://allo-prd-1309371152.cos.ap-jakarta.myqcloud.com/gamification/reward_assets/5_blindbox_daily/indomaret_qris_coupon_rare.png,25000,38,C20260907100004,,2026-08-28T16:18:17,2026-09-15T11:19:05,SYSTEM,SYSTEM,Diskon Rp5rb di Indomaret,Diskon Rp5rb di Indomaret,SUCCESS,1,Y,25000,2026091412000000000001
30035,13,Cinema XXI Discount of Rp5K,Cinema XXI Discount of Rp5K,SUPER_RARE,COUPON,5.000,https://allo-prd-1309371152.cos.ap-jakarta.myqcloud.com/gamification/season-2/rewards/xxi-qris-coupon-super-rare.png,25000,42,C20260907090002,,2026-08-28T16:18:17,2026-09-15T11:51:16,SYSTEM,SYSTEM,Diskon Rp5rb di Cinema XXI,Diskon Rp5rb di Cinema XXI,SUCCESS,2,Y,25000,2026091412000000000002
30036,13,Green SM Discount of Rp5K,Green SM Discount of Rp5K,RARE,COUPON,5.000,https://allo-prd-1309371152.cos.ap-jakarta.myqcloud.com/gamification/reward_assets/1_blindbox_general/green_sm_qris_coupon_rare.png,25000,37,C20260907100001,,2026-08-28T16:18:17,2026-09-15T11:46:26,SYSTEM,SYSTEM,Diskon Rp5rb di Green SM,Diskon Rp5rb di Green SM,SUCCESS,3,Y,25000,2026091412000000000003
30037,13,Bluebird Discount of Rp5K,Bluebird Discount of Rp5K,RARE,COUPON,5.000,https://allo-prd-1309371152.cos.ap-jakarta.myqcloud.com/gamification/reward_assets/1_blindbox_general/bluebird_qris_coupon_rare.png,25000,47,C20260907100002,,2026-08-28T16:18:17,2026-09-15T09:39:36,SYSTEM,SYSTEM,Diskon Rp5rb di Bluebird,Diskon Rp5rb di Bluebird,SUCCESS,4,Y,25000,2026091412000000000004
30038,13,Tokopedia Discount of Rp5K,Tokopedia Discount of Rp5K,RARE,COUPON,10.000,https://allo-prd-1309371152.cos.ap-jakarta.myqcloud.com/gamification/season-2/rewards/tokopedia-qris-coupon-rare.png,25000,68,C20260907100005,,2026-08-28T16:18:17,2026-09-15T11:06:10,SYSTEM,SYSTEM,Diskon Rp5rb di Tokopedia,Diskon Rp5rb di Tokopedia,SUCCESS,5,Y,25000,2026091412000000000005
30039,13,Balance Rp100,Balance Rp100,COMMON,CASHBACK,30.000,https://allo-prd-1309371152.cos.ap-jakarta.myqcloud.com/gamification/reward_assets/1_blindbox_general/cashback.png,211809,272,,100.00,2026-08-28T16:18:17,2026-09-15T12:02:56,SYSTEM,SYSTEM,Saldo Rp100,Saldo Rp100,SUCCESS,6,Y,0,
30040,13,Balance Rp500,Balance Rp500,COMMON,CASHBACK,20.000,https://allo-prd-1309371152.cos.ap-jakarta.myqcloud.com/gamification/reward_assets/1_blindbox_general/cashback.png,141206,166,,500.00,2026-08-28T16:18:17,2026-09-15T11:58:11,SYSTEM,SYSTEM,Saldo Rp500,Saldo Rp500,SUCCESS,7,Y,0,
30041,13,Balance Rp700,Balance Rp700,COMMON,CASHBACK,10.000,https://allo-prd-1309371152.cos.ap-jakarta.myqcloud.com/gamification/reward_assets/1_blindbox_general/cashback.png,70603,75,,700.00,2026-08-28T16:18:17,2026-09-15T11:52:31,SYSTEM,SYSTEM,Saldo Rp700,Saldo Rp700,SUCCESS,8,Y,0,
30042,13,Balance Rp1.000,Balance Rp1.000,COMMON,CASHBACK,10.000,https://allo-prd-1309371152.cos.ap-jakarta.myqcloud.com/gamification/reward_assets/1_blindbox_general/cashback.png,70603,79,,1000.00,2026-08-28T16:18:17,2026-09-15T11:59:30,SYSTEM,SYSTEM,Saldo Rp1.000,Saldo Rp1.000,SUCCESS,9,Y,0,
30043,14,5 Weverse Jelly,5 Weverse Jelly,SUPER_RARE,COUPON,2.000,https://allo-prd-1309371152.cos.ap-jakarta.myqcloud.com/gamification/season-2/rewards/jelly-5-voucher-code-super-rare.png,41,8,C20260818100001,,2026-08-28T16:20:14,2026-09-15T09:18:58,SYSTEM,SYSTEM,5 Jelly Weverse,5 Jelly Weverse,SUCCESS,1,Y,41,2026082812000000000006
30044,14,Indomaret Discount of Rp5K,Indomaret Discount of Rp5K,RARE,COUPON,10.000,https://allo-prd-1309371152.cos.ap-jakarta.myqcloud.com/gamification/reward_assets/5_blindbox_daily/indomaret_qris_coupon_rare.png,20000,53,C20260907090001,,2026-08-28T16:20:14,2026-09-15T11:58:29,SYSTEM,SYSTEM,Diskon Rp5rb di Indomaret,Diskon Rp5rb di Indomaret,SUCCESS,2,Y,20000,2026091412000000000006
30045,14,Tokopedia Discount of Rp5K,Tokopedia Discount of Rp5K,RARE,COUPON,9.000,https://allo-prd-1309371152.cos.ap-jakarta.myqcloud.com/gamification/season-2/rewards/tokopedia-qris-coupon-rare.png,25000,50,C20260907100003,,2026-08-28T16:20:14,2026-09-15T11:51:26,SYSTEM,SYSTEM,Diskon Rp5rb di Tokopedia,Diskon Rp5rb di Tokopedia,SUCCESS,3,Y,25000,2026091412000000000007
30046,14,Blibli Discount of Rp5K,Blibli Discount of Rp5K,RARE,COUPON,15.000,https://allo-prd-1309371152.cos.ap-jakarta.myqcloud.com/gamification/season-2/rewards/blibli-qris-coupon-rare.png,25000,102,C20260907100006,,2026-08-28T16:20:14,2026-09-15T11:51:08,SYSTEM,SYSTEM,Diskon Rp5rb di Blibli,Diskon Rp5rb di Blibli,SUCCESS,4,Y,25000,2026091412000000000008
30047,14,15% Discount in Ismaya+ Merchant,15% Discount in Ismaya+ Merchant,RARE,COUPON,1.000,https://allo-prd-1309371152.cos.ap-jakarta.myqcloud.com/gamification/season-2/rewards/ismaya-voucher-code-rare.png,408,5,C20260827120001,,2026-08-28T16:20:14,2026-09-15T11:27:29,SYSTEM,SYSTEM,Diskon 15% di Merchant Ismaya+,Diskon 15% di Merchant Ismaya+,SUCCESS,5,Y,408,2026082812000000000010
30048,14,Balance Rp100,Balance Rp100,COMMON,CASHBACK,30.000,https://allo-prd-1309371152.cos.ap-jakarta.myqcloud.com/gamification/reward_assets/1_blindbox_general/cashback.png,122404,164,,100.00,2026-08-28T16:20:14,2026-09-15T12:01:24,SYSTEM,SYSTEM,Saldo Rp100,Saldo Rp100,SUCCESS,6,Y,0,
30049,14,Balance Rp500,Balance Rp500,COMMON,CASHBACK,15.000,https://allo-prd-1309371152.cos.ap-jakarta.myqcloud.com/gamification/reward_assets/1_blindbox_general/cashback.png,61202,103,,500.00,2026-08-28T16:20:14,2026-09-15T11:55:38,SYSTEM,SYSTEM,Saldo Rp500,Saldo Rp500,SUCCESS,7,Y,0,
30050,14,Balance Rp700,Balance Rp700,COMMON,CASHBACK,15.000,https://allo-prd-1309371152.cos.ap-jakarta.myqcloud.com/gamification/reward_assets/1_blindbox_general/cashback.png,61202,83,,700.00,2026-08-28T16:20:14,2026-09-15T11:56:04,SYSTEM,SYSTEM,Saldo Rp700,Saldo Rp700,SUCCESS,8,Y,0,
30051,14,Balance Rp1.000,Balance Rp1.000,COMMON,CASHBACK,3.000,https://allo-prd-1309371152.cos.ap-jakarta.myqcloud.com/gamification/reward_assets/1_blindbox_general/cashback.png,12240,17,,1000.00,2026-08-28T16:20:14,2026-09-15T12:00:38,SYSTEM,SYSTEM,Saldo Rp1.000,Saldo Rp1.000,SUCCESS,9,Y,0,
30052,15,Transmart Discount of Rp10K,Transmart Discount of Rp10K,RARE,COUPON,10.000,https://allo-prd-1309371152.cos.ap-jakarta.myqcloud.com/gamification/season-2/rewards/transmart-qris-coupon-rare.png,21957,41,C20260812110002,,2026-08-28T16:20:39,2026-09-15T12:00:45,SYSTEM,SYSTEM,Diskon Rp10rb di Transmart,Diskon Rp10rb di Transmart,SUCCESS,1,Y,21957,2026082812000000000011
30053,15,Metro Discount of Rp10K,Metro Discount of Rp10K,SUPER_RARE,COUPON,5.000,https://allo-prd-1309371152.cos.ap-jakarta.myqcloud.com/gamification/season-2/rewards/metro-qris-coupon-super-rare.png,10979,20,C20260818100002,,2026-08-28T16:20:39,2026-09-15T09:58:38,SYSTEM,SYSTEM,Diskon Rp10rb di Metro,Diskon Rp10rb di Metro,SUCCESS,2,Y,10979,2026082812000000000012
30054,15,Wendy's Discount of Rp5K,Wendy's Discount of Rp5K,RARE,COUPON,5.000,https://allo-prd-1309371152.cos.ap-jakarta.myqcloud.com/gamification/season-2/rewards/wendys-qris-coupon-rare.png,10979,22,C20260818140002,,2026-08-28T16:20:39,2026-09-15T11:46:46,SYSTEM,SYSTEM,Diskon Rp5rb di Wendy's,Diskon Rp5rb di Wendy's,SUCCESS,3,Y,10979,2026082812000000000013
30055,15,Baskin Robbins Discount of Rp5K,Baskin Robbins Discount of Rp5K,RARE,COUPON,5.000,https://allo-prd-1309371152.cos.ap-jakarta.myqcloud.com/gamification/reward_assets/2_blindbox_foodie/baskin_qris_coupon_rare.png,10979,22,C20260820110001,,2026-08-28T16:20:39,2026-09-15T11:00:44,SYSTEM,SYSTEM,Diskon Rp5rb di Baskin Robbins,Diskon Rp5rb di Baskin Robbins,SUCCESS,4,Y,10979,2026082812000000000014
30056,15,The Coffee Bean & Tea Leaf  Discount of Rp5K,The Coffee Bean & Tea Leaf  Discount of Rp5K,RARE,COUPON,5.000,https://allo-prd-1309371152.cos.ap-jakarta.myqcloud.com/gamification/reward_assets/3_blindbox_ctbu/cbtl_qris_coupon_rare.png,10979,20,C20260910100001,,2026-08-28T16:20:39,2026-09-15T10:14:54,SYSTEM,SYSTEM,Diskon Rp5rb di The Coffee Bean & Tea Leaf,Diskon Rp5rb di The Coffee Bean & Tea Leaf,SUCCESS,5,Y,10979,2026091412000000000009
30057,15,Metro Discount of Rp5K,Metro Discount of Rp5K,RARE,COUPON,5.000,https://allo-prd-1309371152.cos.ap-jakarta.myqcloud.com/gamification/reward_assets/3_blindbox_ctbu/metro_qris_coupon_rare.png,10979,28,C20260818140005,,2026-08-28T16:20:39,2026-09-15T10:43:08,SYSTEM,SYSTEM,Diskon Rp5rb di Metro,Diskon Rp5rb di Metro,SUCCESS,6,Y,10979,2026082812000000000016
30058,15,Balance Rp100,Balance Rp100,COMMON,CASHBACK,10.000,https://allo-prd-1309371152.cos.ap-jakarta.myqcloud.com/gamification/reward_assets/1_blindbox_general/cashback.png,21957,36,,100.00,2026-08-28T16:20:39,2026-09-15T11:11:41,SYSTEM,SYSTEM,Saldo Rp100,Saldo Rp100,SUCCESS,7,Y,0,
30059,15,Balance Rp500,Balance Rp500,COMMON,CASHBACK,20.000,https://allo-prd-1309371152.cos.ap-jakarta.myqcloud.com/gamification/reward_assets/1_blindbox_general/cashback.png,43914,92,,500.00,2026-08-28T16:20:39,2026-09-15T11:56:00,SYSTEM,SYSTEM,Saldo Rp500,Saldo Rp500,SUCCESS,8,Y,0,
30060,15,Balance Rp700,Balance Rp700,COMMON,CASHBACK,20.000,https://allo-prd-1309371152.cos.ap-jakarta.myqcloud.com/gamification/reward_assets/1_blindbox_general/cashback.png,43914,77,,700.00,2026-08-28T16:20:39,2026-09-15T11:00:22,SYSTEM,SYSTEM,Saldo Rp700,Saldo Rp700,SUCCESS,9,Y,0,
30061,15,Balance Rp1.000,Balance Rp1.000,COMMON,CASHBACK,15.000,https://allo-prd-1309371152.cos.ap-jakarta.myqcloud.com/gamification/reward_assets/1_blindbox_general/cashback.png,32936,45,,1000.00,2026-08-28T16:20:39,2026-09-15T10:14:48,SYSTEM,SYSTEM,Saldo Rp1.000,Saldo Rp1.000,SUCCESS,10,Y,0,
30062,16,Tokopedia Discount of Rp10K,Tokopedia Discount of Rp10K,RARE,COUPON,10.000,https://allo-prd-1309371152.cos.ap-jakarta.myqcloud.com/gamification/season-2/rewards/tokopedia-qris-coupon-rare.png,10713,27,C20260818150001,,2026-08-28T16:20:39,2026-09-15T11:43:40,SYSTEM,SYSTEM,Diskon Rp10rb di Tokopedia,Diskon Rp10rb di Tokopedia,SUCCESS,1,Y,10713,2026082812000000000017
30063,16,Blibli Discount of Rp15K,Blibli Discount of Rp15K,RARE,COUPON,5.000,https://allo-prd-1309371152.cos.ap-jakarta.myqcloud.com/gamification/season-2/rewards/blibli-qris-coupon-rare.png,5357,15,C20260818150002,,2026-08-28T16:20:39,2026-09-15T09:56:54,SYSTEM,SYSTEM,Diskon Rp15rb di Blibli,Diskon Rp15rb di Blibli,SUCCESS,2,Y,5357,2026082812000000000018
30064,16,Metro Discount of Rp50K,Metro Discount of Rp50K,RARE,COUPON,5.000,https://allo-prd-1309371152.cos.ap-jakarta.myqcloud.com/gamification/reward_assets/3_blindbox_ctbu/metro_qris_coupon_rare.png,5357,9,C20260818150003,,2026-08-28T16:20:39,2026-09-15T09:27:09,SYSTEM,SYSTEM,Diskon Rp50rb di Metro,Diskon Rp50rb di Metro,SUCCESS,3,Y,5357,2026082812000000000019
30065,16,Metro Discount of Rp15K,Metro Discount of Rp15K,RARE,COUPON,10.000,https://allo-prd-1309371152.cos.ap-jakarta.myqcloud.com/gamification/reward_assets/3_blindbox_ctbu/metro_qris_coupon_rare.png,10713,25,C20260818150004,,2026-08-28T16:20:39,2026-09-15T10:41:21,SYSTEM,SYSTEM,Diskon Rp15rb di Metro,Diskon Rp15rb di Metro,SUCCESS,4,Y,10713,2026082812000000000020
30066,16,Metro Discount of Rp10K,Metro Discount of Rp10K,RARE,COUPON,10.000,https://allo-prd-1309371152.cos.ap-jakarta.myqcloud.com/gamification/reward_assets/3_blindbox_ctbu/metro_qris_coupon_rare.png,10713,27,C20260818150008,,2026-08-28T16:20:39,2026-09-15T11:56:19,SYSTEM,SYSTEM,Diskon Rp10rb di Metro,Diskon Rp10rb di Metro,SUCCESS,5,Y,10713,2026082812000000000021
30067,16,Zena Discount of Rp100K,Zena Discount of Rp100K,SUPER_RARE,COUPON,1.000,https://allo-prd-1309371152.cos.ap-jakarta.myqcloud.com/gamification/season-2/rewards/zena-voucher-code-super-rare.png,30,2,C20260827110001,,2026-08-28T16:20:39,2026-09-15T02:11:07,SYSTEM,SYSTEM,Diskon Rp100K di Zena,Diskon Rp100K di Zena,SUCCESS,6,Y,30,2026082812000000000022
30068,16,Prime Bag by Zena,Prime Bag by Zena,SUPER_RARE,COUPON,1.000,https://allo-prd-1309371152.cos.ap-jakarta.myqcloud.com/gamification/season-2/rewards/zena-prime-gift-super-rare.png,6,2,C20260821160004,,2026-08-28T16:20:39,2026-09-15T01:08:24,SYSTEM,SYSTEM,Prime Bag by Zena,Prime Bag by Zena,SUCCESS,7,Y,6,2026082812000000000023
30069,16,Iris Bag by Zena,Iris Bag by Zena,SUPER_RARE,COUPON,1.000,https://allo-prd-1309371152.cos.ap-jakarta.myqcloud.com/gamification/season-2/rewards/zena-iris-gift-super-rare.png,7,0,C20260821160005,,2026-08-28T16:20:39,2026-08-28T16:30:26,SYSTEM,SYSTEM,Iris Bag by Zena,Iris Bag by Zena,SUCCESS,8,Y,7,2026082812000000000024
30070,16,Balance Rp100,Balance Rp100,COMMON,CASHBACK,12.000,https://allo-prd-1309371152.cos.ap-jakarta.myqcloud.com/gamification/reward_assets/1_blindbox_general/cashback.png,12856,18,,100.00,2026-08-28T16:20:39,2026-09-15T10:08:31,SYSTEM,SYSTEM,Saldo Rp100,Saldo Rp100,SUCCESS,9,Y,0,
30071,16,Balance Rp500,Balance Rp500,COMMON,CASHBACK,20.000,https://allo-prd-1309371152.cos.ap-jakarta.myqcloud.com/gamification/reward_assets/1_blindbox_general/cashback.png,21426,25,,500.00,2026-08-28T16:20:39,2026-09-15T10:52:32,SYSTEM,SYSTEM,Saldo Rp500,Saldo Rp500,SUCCESS,10,Y,0,
30072,16,Balance Rp700,Balance Rp700,COMMON,CASHBACK,15.000,https://allo-prd-1309371152.cos.ap-jakarta.myqcloud.com/gamification/reward_assets/1_blindbox_general/cashback.png,16070,23,,700.00,2026-08-28T16:20:39,2026-09-15T11:02:37,SYSTEM,SYSTEM,Saldo Rp700,Saldo Rp700,SUCCESS,11,Y,0,
30073,16,Balance Rp1.000,Balance Rp1.000,COMMON,CASHBACK,10.000,https://allo-prd-1309371152.cos.ap-jakarta.myqcloud.com/gamification/reward_assets/1_blindbox_general/cashback.png,10713,17,,1000.00,2026-08-28T16:20:39,2026-09-15T10:45:38,SYSTEM,SYSTEM,Saldo Rp1.000,Saldo Rp1.000,SUCCESS,12,Y,0,
30125,16,JD Sports Discount of Rp100K,JD Sports Discount of Rp100K,SUPER_RARE,COUPON,1.000,https://allo-prd-1309371152.cos.ap-jakarta.myqcloud.com/gamification/season-2/rewards/jd-sports-qris-coupon-super-rare.png,346,0,C20260909140001,,2026-09-14T18:16:16,2026-09-14T18:25:01,SYSTEM,SYSTEM,Diskon Rp100K di JD Sports,Diskon Rp100K di JD Sports,SUCCESS,13,Y,346,2026091412000000000017
30126,16,JD Sports Discount of Rp50K,JD Sports Discount of Rp50K,SUPER_RARE,COUPON,1.000,https://allo-prd-1309371152.cos.ap-jakarta.myqcloud.com/gamification/season-2/rewards/jd-sports-qris-coupon-super-rare.png,346,2,C20260909140002,,2026-09-14T18:16:16,2026-09-15T01:06:18,SYSTEM,SYSTEM,"Diskon Rp50,000 di JD Sports","Diskon Rp50,000 di JD Sports",SUCCESS,14,Y,346,2026091412000000000018
30074,17,Weverse Digital Membership,Weverse Digital Membership,RARE,COUPON,18.000,https://allo-prd-1309371152.cos.ap-jakarta.myqcloud.com/gamification/season-2/rewards/weverse-digital-membership-voucher-code-rare.png,821,0,C20260826140001,,2026-08-28T16:20:39,2026-09-09T17:50:03,SYSTEM,SYSTEM,Weverse Digital Membership,Weverse Digital Membership,SUCCESS,1,Y,821,2026090912000000000001
30075,17,5 Weverse Jelly,5 Weverse Jelly,RARE,COUPON,25.000,https://allo-prd-1309371152.cos.ap-jakarta.myqcloud.com/gamification/season-2/rewards/weverse-jelly-5-voucher-code-rare.png,57,4,C20260826140002,,2026-08-28T16:20:39,2026-09-15T10:49:51,SYSTEM,SYSTEM,5 Jelly Weverse,5 Jelly Weverse,SUCCESS,2,Y,57,2026082812000000000026
30076,17,Weverse DM,Weverse DM,SUPER_RARE,COUPON,2.000,https://allo-prd-1309371152.cos.ap-jakarta.myqcloud.com/gamification/season-2/rewards/weverse-dm-voucher-code-super-rare.png,91,0,C20260826150001,,2026-08-28T16:20:39,2026-08-28T16:30:42,SYSTEM,SYSTEM,Weverse DM,Weverse DM,SUCCESS,3,Y,91,2026082812000000000027
30077,17,Balance Rp500,Balance Rp500,COMMON,CASHBACK,30.000,https://allo-prd-1309371152.cos.ap-jakarta.myqcloud.com/gamification/reward_assets/1_blindbox_general/cashback.png,13675,5,,500.00,2026-08-28T16:20:39,2026-09-15T09:51:57,SYSTEM,SYSTEM,Saldo Rp500,Saldo Rp500,SUCCESS,4,Y,0,
30078,17,Balance Rp1.000,Balance Rp1.000,COMMON,CASHBACK,10.000,https://allo-prd-1309371152.cos.ap-jakarta.myqcloud.com/gamification/reward_assets/1_blindbox_general/cashback.png,4558,3,,1000.00,2026-08-28T16:20:39,2026-09-15T10:18:32,SYSTEM,SYSTEM,Saldo Rp1.000,Saldo Rp1.000,SUCCESS,5,Y,0,
30079,17,Balance Rp2.000,Balance Rp2.000,COMMON,CASHBACK,10.000,https://allo-prd-1309371152.cos.ap-jakarta.myqcloud.com/gamification/reward_assets/1_blindbox_general/cashback.png,4558,0,,2000.00,2026-08-28T16:20:39,2026-08-28T16:20:39,SYSTEM,SYSTEM,Saldo Rp2.000,Saldo Rp2.000,SUCCESS,6,Y,0,
30080,17,Balance Rp5.000,Balance Rp5.000,COMMON,CASHBACK,5.000,https://allo-prd-1309371152.cos.ap-jakarta.myqcloud.com/gamification/reward_assets/1_blindbox_general/cashback.png,2279,0,,5000.00,2026-08-28T16:20:39,2026-08-28T16:20:39,SYSTEM,SYSTEM,Saldo Rp5.000,Saldo Rp5.000,SUCCESS,7,Y,0,
30081,18,Cinema XXI Discount of Rp75K,Cinema XXI Discount of Rp75K,SUPER_RARE,COUPON,10.000,https://allo-prd-1309371152.cos.ap-jakarta.myqcloud.com/gamification/season-2/rewards/xxi-qris-coupon-super-rare.png,2144,0,C20260814170004,,2026-08-28T16:20:39,2026-08-28T16:30:49,SYSTEM,SYSTEM,Diskon Rp75rb di Cinema XXI,Diskon Rp75rb di Cinema XXI,SUCCESS,1,Y,2144,2026082812000000000028
30082,18,Cinema XXI Discount of Rp50K,Cinema XXI Discount of Rp50K,RARE,COUPON,20.000,https://allo-prd-1309371152.cos.ap-jakarta.myqcloud.com/gamification/season-2/rewards/xxi-qris-coupon-rare.png,4288,0,C20260812160002,,2026-08-28T16:20:39,2026-08-28T16:30:59,SYSTEM,SYSTEM,Diskon Rp50rb di Cinema XXI,Diskon Rp50rb di Cinema XXI,SUCCESS,2,Y,4288,2026082812000000000029
30083,18,Cinema XXI Discount of Rp20K,Cinema XXI Discount of Rp20K,RARE,COUPON,25.000,https://allo-prd-1309371152.cos.ap-jakarta.myqcloud.com/gamification/season-2/rewards/xxi-qris-coupon-rare.png,5360,0,C20260812160004,,2026-08-28T16:20:39,2026-08-28T16:31:10,SYSTEM,SYSTEM,Diskon Rp20rb di Cinema XXI,Diskon Rp20rb di Cinema XXI,SUCCESS,3,Y,5360,2026082812000000000030
30084,18,Balance Rp1.000,Balance Rp1.000,COMMON,CASHBACK,15.000,https://allo-prd-1309371152.cos.ap-jakarta.myqcloud.com/gamification/reward_assets/1_blindbox_general/cashback.png,3216,0,,1000.00,2026-08-28T16:20:39,2026-08-28T16:20:39,SYSTEM,SYSTEM,Saldo Rp1.000,Saldo Rp1.000,SUCCESS,4,Y,0,
30085,18,Balance Rp2.000,Balance Rp2.000,COMMON,CASHBACK,15.000,https://allo-prd-1309371152.cos.ap-jakarta.myqcloud.com/gamification/reward_assets/1_blindbox_general/cashback.png,3216,1,,2000.00,2026-08-28T16:20:39,2026-09-15T10:50:28,SYSTEM,SYSTEM,Saldo Rp2.000,Saldo Rp2.000,SUCCESS,5,Y,0,
30086,18,Balance Rp3.000,Balance Rp3.000,COMMON,CASHBACK,15.000,https://allo-prd-1309371152.cos.ap-jakarta.myqcloud.com/gamification/reward_assets/1_blindbox_general/cashback.png,3216,0,,3000.00,2026-08-28T16:20:39,2026-08-28T16:20:39,SYSTEM,SYSTEM,Saldo Rp.3000,Saldo Rp.3000,SUCCESS,6,Y,0,
30087,19,Shopee Discount of Rp500K,Shopee Discount of Rp500K,SUPER_RARE,COUPON,0.100,https://allo-prd-1309371152.cos.ap-jakarta.myqcloud.com/gamification/season-2/rewards/shopee-vdc-promo-code-super-rare.png,6,0,C20260821150001,,2026-08-28T16:20:39,2026-09-14T18:19:52,SYSTEM,SYSTEM,Diskon Rp500rb di Shopee,Diskon Rp500rb di Shopee,SUCCESS,1,Y,6,2026091412000000000010
30088,19,Shopee Discount of Rp100K,Shopee Discount of Rp100K,RARE,COUPON,1.000,https://allo-prd-1309371152.cos.ap-jakarta.myqcloud.com/gamification/season-2/rewards/shopee-vdc-promo-code-rare.png,13,0,C20260821150003,,2026-08-28T16:20:39,2026-09-14T18:19:57,SYSTEM,SYSTEM,Diskon Rp100rb di Shopee,Diskon Rp100rb di Shopee,SUCCESS,2,Y,13,2026091412000000000011
30089,19,Shopee Discount of Rp50K,Shopee Discount of Rp50K,RARE,COUPON,1.000,https://allo-prd-1309371152.cos.ap-jakarta.myqcloud.com/gamification/season-2/rewards/shopee-vdc-promo-code-rare.png,13,0,C20260821150004,,2026-08-28T16:20:39,2026-09-14T18:20:03,SYSTEM,SYSTEM,Diskon Rp50rb di Shopee,Diskon Rp50rb di Shopee,SUCCESS,3,Y,13,2026091412000000000012
30090,19,Blibli Discount of Rp50K,Blibli Discount of Rp50K,RARE,COUPON,1.000,https://allo-prd-1309371152.cos.ap-jakarta.myqcloud.com/gamification/season-2/rewards/blibli-qris-coupon-rare.png,13,0,C20260821160001,,2026-08-28T16:20:39,2026-09-14T18:20:08,SYSTEM,SYSTEM,Diskon Rp50rb di Blibli,Diskon Rp50rb di Blibli,SUCCESS,4,Y,13,2026091412000000000013
30091,19,Gocar Discount of Rp25K,Gocar Discount of Rp25K,RARE,COUPON,10.000,https://allo-prd-1309371152.cos.ap-jakarta.myqcloud.com/gamification/season-2/rewards/gocar-vdc-promo-code-rare.png,132,0,C20260821150005,,2026-08-28T16:20:39,2026-09-14T18:20:13,SYSTEM,SYSTEM,Diskon Rp25rb di Gocar,Diskon Rp25rb di Gocar,SUCCESS,5,Y,132,2026091412000000000014
30092,19,GoFood Discount of Rp25K,GoFood Discount of Rp25K,RARE,COUPON,16.000,https://allo-prd-1309371152.cos.ap-jakarta.myqcloud.com/gamification/reward_assets/2_blindbox_foodie/gofood_vdc_promo_code_rare.png,211,0,C20260821150006,,2026-08-28T16:20:39,2026-09-14T18:20:19,SYSTEM,SYSTEM,Diskon Rp25rb di GoFood,Diskon Rp25rb di GoFood,SUCCESS,6,Y,211,2026091412000000000015
30093,19,GoFood Discount of Rp50K,GoFood Discount of Rp50K,RARE,COUPON,10.000,https://allo-prd-1309371152.cos.ap-jakarta.myqcloud.com/gamification/reward_assets/2_blindbox_foodie/gofood_vdc_promo_code_rare.png,132,0,C20260821150007,,2026-08-28T16:20:39,2026-09-14T18:20:24,SYSTEM,SYSTEM,Diskon Rp50rb di GoFood,Diskon Rp50rb di GoFood,SUCCESS,7,Y,132,2026091412000000000016
30094,19,GrabFood Discount of Rp50K,GrabFood Discount of Rp50K,RARE,COUPON,1.000,https://allo-prd-1309371152.cos.ap-jakarta.myqcloud.com/gamification/season-2/rewards/grabfood-vdc-promo-code-rare.png,13,0,,,2026-08-28T16:20:39,2026-08-28T16:20:39,SYSTEM,SYSTEM,Diskon Rp50rb di GrabFood,Diskon Rp50rb di GrabFood,PENDING,8,Y,0,
30095,19,Balance Rp1.000,Balance Rp1.000,COMMON,CASHBACK,30.000,https://allo-prd-1309371152.cos.ap-jakarta.myqcloud.com/gamification/reward_assets/1_blindbox_general/cashback.png,395,0,,1000.00,2026-08-28T16:20:39,2026-08-28T16:20:39,SYSTEM,SYSTEM,Saldo Rp1.000,Saldo Rp1.000,SUCCESS,9,Y,0,
30096,19,Balance Rp2.000,Balance Rp2.000,COMMON,CASHBACK,20.000,https://allo-prd-1309371152.cos.ap-jakarta.myqcloud.com/gamification/reward_assets/1_blindbox_general/cashback.png,2633,0,,2000.00,2026-08-28T16:20:39,2026-08-28T16:20:39,SYSTEM,SYSTEM,Saldo Rp2.000,Saldo Rp2.000,SUCCESS,10,Y,0,
30097,19,Balance Rp5.000,Balance Rp5.000,COMMON,CASHBACK,9.900,https://allo-prd-1309371152.cos.ap-jakarta.myqcloud.com/gamification/reward_assets/1_blindbox_general/cashback.png,1304,0,,5000.00,2026-08-28T16:20:39,2026-08-28T16:20:39,SYSTEM,SYSTEM,Saldo Rp5.000,Saldo Rp5.000,SUCCESS,11,Y,0,
30098,20,All Pro Bag by Zena,All Pro Bag by Zena,SUPER_RARE,COUPON,1.000,https://allo-prd-1309371152.cos.ap-jakarta.myqcloud.com/gamification/season-2/rewards/zena-allpro-gift-super-rare.png,2,0,C20260821160006,,2026-08-28T16:20:39,2026-08-28T16:31:16,SYSTEM,SYSTEM,All Pro Bag by Zena,All Pro Bag by Zena,SUCCESS,1,Y,2,2026082812000000000031
30099,20,City Bag by Zena,City Bag by Zena,SUPER_RARE,COUPON,1.000,https://allo-prd-1309371152.cos.ap-jakarta.myqcloud.com/gamification/season-2/rewards/zena-city-gift-super-rare.png,2,0,C20260821160007,,2026-08-28T16:20:39,2026-08-28T16:31:21,SYSTEM,SYSTEM,City Bag by Zena,City Bag by Zena,SUCCESS,2,Y,2,2026082812000000000032
30100,20,Aero Bag by Zena,Aero Bag by Zena,RARE,COUPON,1.000,https://allo-prd-1309371152.cos.ap-jakarta.myqcloud.com/gamification/season-2/rewards/zena-aero-gift-rare.png,2,0,C20260821160008,,2026-08-28T16:20:39,2026-08-28T16:31:26,SYSTEM,SYSTEM,Aero Bag by Zena,Aero Bag by Zena,SUCCESS,3,Y,2,2026082812000000000033
30101,20,Balance Rp5.000,Balance Rp5.000,COMMON,CASHBACK,30.000,https://allo-prd-1309371152.cos.ap-jakarta.myqcloud.com/gamification/reward_assets/1_blindbox_general/cashback.png,2236,0,,5000.00,2026-08-28T16:20:39,2026-08-28T16:20:39,SYSTEM,SYSTEM,Saldo Rp5.000,Saldo Rp5.000,SUCCESS,4,Y,0,
30102,20,Balance Rp10.000,Balance Rp10.000,COMMON,CASHBACK,20.000,https://allo-prd-1309371152.cos.ap-jakarta.myqcloud.com/gamification/reward_assets/1_blindbox_general/cashback.png,1491,0,,10000.00,2026-08-28T16:20:39,2026-08-28T16:20:39,SYSTEM,SYSTEM,Saldo Rp10.000,Saldo Rp10.000,SUCCESS,5,Y,0,
30127,20,Rp100k Court Disc by DOOgether,Rp100k Court Disc by DOOgether,RARE,COUPON,1.000,https://allo-prd-1309371152.cos.ap-jakarta.myqcloud.com/gamification/season-2/rewards/doogether-voucher-code-rare.png,5,0,,,2026-09-14T18:17:44,2026-09-14T18:17:44,SYSTEM,SYSTEM,Rp100k Disc Court di DOOgether,Rp100k Disc Court di DOOgether,PENDING,6,Y,0,
30128,20,JD Sports Discount of Rp200K,JD Sports Discount of Rp200K,RARE,COUPON,10.000,https://allo-prd-1309371152.cos.ap-jakarta.myqcloud.com/gamification/season-2/rewards/jd-sports-qris-coupon-rare.png,745,0,C20260909140003,,2026-09-14T18:17:44,2026-09-14T18:25:12,SYSTEM,SYSTEM,Diskon Rp200k di JD sports,Diskon Rp200k di JD sports,SUCCESS,7,Y,745,2026091412000000000019
30129,20,JD Sports Rp500k,JD Sports Rp500k,SUPER_RARE,COUPON,0.100,https://allo-prd-1309371152.cos.ap-jakarta.myqcloud.com/gamification/season-2/rewards/jd-sports-qris-coupon-super-rare.png,7,0,C20260909140004,,2026-09-14T18:17:44,2026-09-14T18:25:17,SYSTEM,SYSTEM,Diskon Rp500k di JD sports,Diskon Rp500k di JD sports,SUCCESS,8,Y,7,2026091412000000000020
30130,20,JD Sports 100K Discount,JD Sports 100K Discount,RARE,COUPON,15.000,https://allo-prd-1309371152.cos.ap-jakarta.myqcloud.com/gamification/season-2/rewards/jd-sports-qris-coupon-rare.png,1118,0,C20260909140005,,2026-09-14T18:17:44,2026-09-14T18:25:24,SYSTEM,SYSTEM,Diskon Rp100k di JD Sports,Diskon Rp100k di JD Sports,SUCCESS,9,Y,1118,2026091412000000000021
30131,20,JD Sports Rp150K Discount,JD Sports Rp150K Discount,RARE,COUPON,15.000,https://allo-prd-1309371152.cos.ap-jakarta.myqcloud.com/gamification/season-2/rewards/jd-sports-qris-coupon-rare.png,1118,0,C20260909140006,,2026-09-14T18:17:44,2026-09-14T18:25:30,SYSTEM,SYSTEM,Diskon Rp150k di JD Sports,Diskon Rp150k di JD Sports,SUCCESS,10,Y,1118,2026091412000000000022
30132,20,On Cloudtilt Shoes (JD Sports),On Cloudtilt Shoes (JD Sports),SUPER_RARE,COUPON,1.000,https://allo-prd-1309371152.cos.ap-jakarta.myqcloud.com/gamification/season-2/rewards/on-shoes-gift-super-rare.png,1,0,C20260909150005,,2026-09-14T18:17:44,2026-09-14T18:25:35,SYSTEM,SYSTEM,On Cloudtilt Shoes (JD Sports),On Cloudtilt Shoes (JD Sports),SUCCESS,11,Y,1,2026091412000000000023
30133,20,1 Session in Strong Pilates,1 Session in Strong Pilates,RARE,COUPON,1.000,https://allo-prd-1309371152.cos.ap-jakarta.myqcloud.com/gamification/season-2/rewards/strong-pilates-gift-rare.png,0,0,,,2026-09-14T18:17:44,2026-09-14T18:17:44,SYSTEM,SYSTEM,1 Sesi di Strong Pilates,1 Sesi di Strong Pilates,PENDING,12,Y,0,
30103,21,Tokopedia Discount of Rp25K,Tokopedia Discount of Rp25K,RARE,COUPON,15.000,https://allo-prd-1309371152.cos.ap-jakarta.myqcloud.com/gamification/season-2/rewards/tokopedia-qris-coupon-rare.png,629,0,C20260821140001,,2026-08-28T16:20:39,2026-08-28T16:31:32,SYSTEM,SYSTEM,Diskon Rp25rb di Tokopedia,Diskon Rp25rb di Tokopedia,SUCCESS,1,Y,629,2026082812000000000034
30104,21,Blibli Discount of Rp50K,Blibli Discount of Rp50K,RARE,COUPON,38.000,https://allo-prd-1309371152.cos.ap-jakarta.myqcloud.com/gamification/season-2/rewards/blibli-qris-coupon-rare.png,1593,0,C20260821140002,,2026-08-28T16:20:39,2026-08-28T16:31:38,SYSTEM,SYSTEM,Diskon Rp50rb di Blibli,Diskon Rp50rb di Blibli,SUCCESS,2,Y,1593,2026082812000000000035
30105,21,Balance Rp10.000,Balance Rp10.000,COMMON,CASHBACK,22.000,https://allo-prd-1309371152.cos.ap-jakarta.myqcloud.com/gamification/reward_assets/1_blindbox_general/cashback.png,922,0,,10000.00,2026-08-28T16:20:39,2026-08-28T16:20:39,SYSTEM,SYSTEM,Saldo Rp10.000,Saldo Rp10.000,SUCCESS,3,Y,0,
30106,21,Balance Rp20.000,Balance Rp20.000,COMMON,CASHBACK,15.000,https://allo-prd-1309371152.cos.ap-jakarta.myqcloud.com/gamification/reward_assets/1_blindbox_general/cashback.png,629,0,,20000.00,2026-08-28T16:20:39,2026-08-28T16:20:39,SYSTEM,SYSTEM,Saldo Rp20.000,Saldo Rp20.000,SUCCESS,4,Y,0,
30107,21,Balance Rp30.000,Balance Rp30.000,COMMON,CASHBACK,5.000,https://allo-prd-1309371152.cos.ap-jakarta.myqcloud.com/gamification/reward_assets/1_blindbox_general/cashback.png,210,0,,30000.00,2026-08-28T16:20:39,2026-08-28T16:20:39,SYSTEM,SYSTEM,Saldo Rp30.000,Saldo Rp30.000,SUCCESS,5,Y,0,
30134,21,K-Pop Lightstick,K-Pop Lightstick,SUPER_RARE,COUPON,2.500,https://allo-prd-1309371152.cos.ap-jakarta.myqcloud.com/gamification/season-2/rewards/lightstick-gift-super-rare.png,10,0,C20260909150009,,2026-09-14T18:18:50,2026-09-14T18:25:40,SYSTEM,SYSTEM,Lightstick K-Pop,Lightstick K-Pop,SUCCESS,6,Y,10,2026091412000000000024
30135,21,K-Pop Album,K-Pop Album,SUPER_RARE,COUPON,2.500,https://allo-prd-1309371152.cos.ap-jakarta.myqcloud.com/gamification/season-2/rewards/album-gift-super-rare.png,10,0,C20260909150010,,2026-09-14T18:18:50,2026-09-14T18:25:45,SYSTEM,SYSTEM,Album K-Pop,Album K-Pop,SUCCESS,7,Y,10,2026091412000000000025
30108,22,Ismaya+ Discount of Rp10K,Ismaya+ Discount of Rp10K,RARE,COUPON,77.000,https://allo-prd-1309371152.cos.ap-jakarta.myqcloud.com/gamification/season-2/rewards/ismaya-voucher-code-rare.png,211,0,C20260818150009,,2026-08-28T16:20:39,2026-08-28T16:31:44,SYSTEM,SYSTEM,Diskon Rp10rb di Ismaya+,Diskon Rp10rb di Ismaya+,SUCCESS,1,Y,211,2026082812000000000036
30109,22,Ismaya+ Discount of Rp250K,Ismaya+ Discount of Rp250K,SUPER_RARE,COUPON,2.000,https://allo-prd-1309371152.cos.ap-jakarta.myqcloud.com/gamification/reward_assets/11_blindbox_foodie/ismaya_voucher_code_super_rare.png,5,0,C20260813100004,,2026-08-28T16:20:39,2026-08-28T16:31:49,SYSTEM,SYSTEM,Diskon Rp250rb di Ismaya+,Diskon Rp250rb di Ismaya+,SUCCESS,2,Y,5,2026082812000000000037
30110,22,Ismaya+ Discount of Rp150K,Ismaya+ Discount of Rp150K,RARE,COUPON,3.000,https://allo-prd-1309371152.cos.ap-jakarta.myqcloud.com/gamification/season-2/rewards/ismaya-voucher-code-rare.png,7,0,C20260818150007,,2026-08-28T16:20:39,2026-08-28T16:31:54,SYSTEM,SYSTEM,Diskon Rp150rb di Ismaya+,Diskon Rp150rb di Ismaya+,SUCCESS,3,Y,7,2026082812000000000038
30111,22,Ismaya+ Discount of Rp100K,Ismaya+ Discount of Rp100K,RARE,COUPON,2.000,https://allo-prd-1309371152.cos.ap-jakarta.myqcloud.com/gamification/season-2/rewards/ismaya-voucher-code-rare.png,5,0,C20260812150001,,2026-08-28T16:20:39,2026-08-28T16:31:59,SYSTEM,SYSTEM,Diskon Rp100rb di Ismaya+,Diskon Rp100rb di Ismaya+,SUCCESS,4,Y,5,2026082812000000000039
30112,22,Ismaya+ Discount of Rp50K,Ismaya+ Discount of Rp50K,RARE,COUPON,1.000,https://allo-prd-1309371152.cos.ap-jakarta.myqcloud.com/gamification/season-2/rewards/ismaya-voucher-code-rare.png,2,0,C20260812150002,,2026-08-28T16:20:39,2026-08-28T16:32:04,SYSTEM,SYSTEM,Diskon Rp50rb di Ismaya+,Diskon Rp50rb di Ismaya+,SUCCESS,5,Y,2,2026082812000000000040
30113,22,Balance Rp10.000,Balance Rp10.000,COMMON,CASHBACK,12.000,https://allo-prd-1309371152.cos.ap-jakarta.myqcloud.com/gamification/reward_assets/1_blindbox_general/cashback.png,329,0,,10000.00,2026-08-28T16:20:39,2026-08-28T16:20:39,SYSTEM,SYSTEM,Saldo Rp10.000,Saldo Rp10.000,SUCCESS,6,Y,0,
30114,22,Balance Rp20.000,Balance Rp20.000,COMMON,CASHBACK,4.000,https://allo-prd-1309371152.cos.ap-jakarta.myqcloud.com/gamification/reward_assets/1_blindbox_general/cashback.png,52,0,,20000.00,2026-08-28T16:20:39,2026-08-28T16:20:39,SYSTEM,SYSTEM,Saldo Rp20.000,Saldo Rp20.000,SUCCESS,7,Y,0,
30115,23,Antavaya Discount of Rp200K,Antavaya Discount of Rp200K,RARE,COUPON,24.000,https://allo-prd-1309371152.cos.ap-jakarta.myqcloud.com/gamification/reward_assets/3_blindbox_ctbu/antavaya_qris_coupon_rare.png,311,0,C20260818150006,,2026-08-28T16:20:39,2026-08-28T16:32:10,SYSTEM,SYSTEM,Diskon Rp200rb di Antavaya,Diskon Rp200rb di Antavaya,SUCCESS,1,Y,311,2026082812000000000041
30116,23,Tokopedia Discount of Rp300K,Tokopedia Discount of Rp300K,RARE,COUPON,10.000,https://allo-prd-1309371152.cos.ap-jakarta.myqcloud.com/gamification/season-2/rewards/tokopedia-qris-coupon-rare.png,130,0,C20260812150004,,2026-08-28T16:20:39,2026-08-28T16:32:15,SYSTEM,SYSTEM,Diskon Rp300rb di Tokopedia,Diskon Rp300rb di Tokopedia,SUCCESS,2,Y,130,2026082812000000000042
30117,23,Blibli Discount of Rp200K,Blibli Discount of Rp200K,RARE,COUPON,15.000,https://allo-prd-1309371152.cos.ap-jakarta.myqcloud.com/gamification/season-2/rewards/blibli-qris-coupon-rare.png,194,0,C20260818150005,,2026-08-28T16:20:39,2026-08-28T16:32:20,SYSTEM,SYSTEM,Diskon Rp200rb di Blibli,Diskon Rp200rb di Blibli,SUCCESS,3,Y,194,2026082812000000000043
30118,23,Tokopedia Discount of Rp200K,Tokopedia Discount of Rp200K,RARE,COUPON,10.000,https://allo-prd-1309371152.cos.ap-jakarta.myqcloud.com/gamification/season-2/rewards/tokopedia-qris-coupon-rare.png,130,0,C20260812160003,,2026-08-28T16:20:39,2026-08-28T16:32:26,SYSTEM,SYSTEM,Diskon Rp200rb di Tokopedia,Diskon Rp200rb di Tokopedia,SUCCESS,4,Y,130,2026082812000000000044
30119,23,Tokopedia Discount of Rp100K,Tokopedia Discount of Rp100K,RARE,COUPON,10.000,https://allo-prd-1309371152.cos.ap-jakarta.myqcloud.com/gamification/season-2/rewards/tokopedia-qris-coupon-rare.png,130,0,C20260812160005,,2026-08-28T16:20:39,2026-08-28T16:32:31,SYSTEM,SYSTEM,Diskon Rp100rb di Tokopedia,Diskon Rp100rb di Tokopedia,SUCCESS,5,Y,130,2026082812000000000045
30120,23,Blibli Discount of Rp75K,Blibli Discount of Rp75K,RARE,COUPON,25.000,https://allo-prd-1309371152.cos.ap-jakarta.myqcloud.com/gamification/season-2/rewards/blibli-qris-coupon-rare.png,324,0,C20260812160006,,2026-08-28T16:20:39,2026-08-28T16:32:36,SYSTEM,SYSTEM,Diskon Rp75rb di Blibli,Diskon Rp75rb di Blibli,SUCCESS,6,Y,324,2026082812000000000046
30121,23,Balance Rp50.000,Balance Rp50.000,COMMON,CASHBACK,5.000,https://allo-prd-1309371152.cos.ap-jakarta.myqcloud.com/gamification/reward_assets/1_blindbox_general/cashback.png,65,0,,50000.00,2026-08-28T16:20:39,2026-08-28T16:20:39,SYSTEM,SYSTEM,Saldo Rp50.000,Saldo Rp50.000,SUCCESS,7,Y,0,
30136,23,Trip to South Korea,Trip to South Korea,SUPER_RARE,COUPON,1.000,https://allo-prd-1309371152.cos.ap-jakarta.myqcloud.com/gamification/season-2/rewards/trip-korea-super-rare.png,2,0,C20260909150006,,2026-09-14T18:20:05,2026-09-14T18:25:50,SYSTEM,SYSTEM,Trip ke Korea Selatan,Trip ke Korea Selatan,SUCCESS,8,Y,2,2026091412000000000026
30122,24,Tokopedia Discount of Rp300K,Tokopedia Discount of Rp300K,RARE,COUPON,35.000,https://allo-prd-1309371152.cos.ap-jakarta.myqcloud.com/gamification/season-2/rewards/tokopedia-qris-coupon-rare.png,153,0,C20260812160007,,2026-08-28T16:20:39,2026-08-28T16:32:42,SYSTEM,SYSTEM,Diskon Rp300rb di Tokopedia,Diskon Rp300rb di Tokopedia,SUCCESS,1,Y,153,2026082812000000000047
30123,24,Blibli Discount of Rp200K,Blibli Discount of Rp200K,RARE,COUPON,50.000,https://allo-prd-1309371152.cos.ap-jakarta.myqcloud.com/gamification/season-2/rewards/blibli-qris-coupon-rare.png,219,0,C20260812170001,,2026-08-28T16:20:39,2026-08-28T16:32:47,SYSTEM,SYSTEM,Diskon Rp200rb di Blibli,Diskon Rp200rb di Blibli,SUCCESS,2,Y,219,2026082812000000000048
30124,24,Balance Rp50.000,Balance Rp50.000,COMMON,CASHBACK,5.000,https://allo-prd-1309371152.cos.ap-jakarta.myqcloud.com/gamification/reward_assets/1_blindbox_general/cashback.png,20,0,,50000.00,2026-08-28T16:20:39,2026-08-28T16:20:39,SYSTEM,SYSTEM,Saldo Rp50.000,Saldo Rp50.000,SUCCESS,3,Y,0,
30137,24,iPhone Air 17,iPhone Air 17,SUPER_RARE,COUPON,2.330,https://allo-prd-1309371152.cos.ap-jakarta.myqcloud.com/gamification/season-2/rewards/iphone-gift-super-rare.png,1,0,C20260909150007,,2026-09-14T18:20:56,2026-09-14T18:25:55,SYSTEM,SYSTEM,iPhone Air 17,iPhone Air 17,SUCCESS,4,Y,1,2026091412000000000027
30138,24,Airpods 4,Airpods 4,SUPER_RARE,COUPON,4.650,https://allo-prd-1309371152.cos.ap-jakarta.myqcloud.com/gamification/season-2/rewards/airpods-gift-super-rare.png,4,0,C20260909150008,,2026-09-14T18:20:56,2026-09-14T18:26:01,SYSTEM,SYSTEM,Airpods 4,Airpods 4,SUCCESS,5,Y,4,2026091412000000000028
