claim_date,program_id,blind_box_id,blind_box_id2,stamp_required,reward_id,reward_name,reward_type,cashback_value,stock_total,stock_distributed,total_claim,total_claim_user
2026-08-29,GAMIFICATION-SEASON2,1,13,10,30039,Balance Rp100,CASHBACK,100.00,211809,272,1,1
2026-08-31,GAMIFICATION-SEASON2,1,13,10,30042,Balance Rp1.000,CASHBACK,1000.00,70603,79,1,1
2026-09-01,GAMIFICATION-SEASON2,2,14,20,30049,Balance Rp500,CASHBACK,500.00,61202,103,1,1
2026-09-03,GAMIFICATION-SEASON2,1,13,10,30037,Bluebird Discount of Rp5K,COUPON,,25000,47,1,1
2026-09-03,GAMIFICATION-SEASON2,1,13,10,30038,Tokopedia Discount of Rp5K,COUPON,,25000,68,1,1
2026-09-03,GAMIFICATION-SEASON2,2,14,20,30050,Balance Rp700,CASHBACK,700.00,61202,83,1,1
2026-09-04,GAMIFICATION-SEASON2,1,13,10,30035,Cinema XXI Discount of Rp5K,COUPON,,25000,42,1,1
2026-09-04,GAMIFICATION-SEASON2,1,13,10,30042,Balance Rp1.000,CASHBACK,1000.00,70603,79,2,2
2026-09-04,GAMIFICATION-SEASON2,2,14,20,30044,Indomaret Discount of Rp5K,COUPON,,20000,53,1,1
2026-09-05,GAMIFICATION-SEASON2,1,13,10,30037,Bluebird Discount of Rp5K,COUPON,,25000,47,1,1
2026-09-08,GAMIFICATION-SEASON2,2,14,20,30046,Blibli Discount of Rp5K,COUPON,,25000,102,1,1
2026-09-08,GAMIFICATION-SEASON2,3,15,35,30054,Wendy's Discount of Rp5K,COUPON,,10979,22,1,1
2026-09-09,GAMIFICATION-SEASON2,2,14,20,30049,Balance Rp500,CASHBACK,500.00,61202,103,1,1
2026-09-09,GAMIFICATION-SEASON2,3,15,35,30054,Wendy's Discount of Rp5K,COUPON,,10979,22,1,1
2026-09-12,GAMIFICATION-SEASON2,1,13,10,30040,Balance Rp500,CASHBACK,500.00,141206,166,1,1
2026-09-12,GAMIFICATION-SEASON2,1,13,10,30041,Balance Rp700,CASHBACK,700.00,70603,75,1,1
2026-09-12,GAMIFICATION-SEASON2,2,14,20,30048,Balance Rp100,CASHBACK,100.00,122404,164,1,1
2026-09-12,GAMIFICATION-SEASON2,3,15,35,30060,Balance Rp700,CASHBACK,700.00,43914,77,1,1
2026-09-12,GAMIFICATION-SEASON2,4,16,50,30064,Metro Discount of Rp50K,COUPON,,5357,9,1,1
2026-09-13,GAMIFICATION-SEASON2,2,14,20,30046,Blibli Discount of Rp5K,COUPON,,25000,102,1,1
2026-09-14,GAMIFICATION-SEASON2,2,14,20,30051,Balance Rp1.000,CASHBACK,1000.00,12240,17,1,1
2026-09-14,GAMIFICATION-SEASON2,3,15,35,30057,Metro Discount of Rp5K,COUPON,,10979,28,1,1
2026-09-14,GAMIFICATION-SEASON2,4,16,50,30063,Blibli Discount of Rp15K,COUPON,,5357,15,1,1
2026-09-14,GAMIFICATION-SEASON2,4,16,50,30067,Zena Discount of Rp100K,COUPON,,30,2,1,1
2026-09-14,GAMIFICATION-SEASON2,5,17,75,30075,5 Weverse Jelly,COUPON,,57,4,1,1
2026-09-15,GAMIFICATION-SEASON2,1,13,10,30034,Indomaret Discount of Rp5K,COUPON,,25000,38,38,38
2026-09-15,GAMIFICATION-SEASON2,1,13,10,30035,Cinema XXI Discount of Rp5K,COUPON,,25000,42,41,41
2026-09-15,GAMIFICATION-SEASON2,1,13,10,30036,Green SM Discount of Rp5K,COUPON,,25000,37,37,37
2026-09-15,GAMIFICATION-SEASON2,1,13,10,30037,Bluebird Discount of Rp5K,COUPON,,25000,47,45,45
2026-09-15,GAMIFICATION-SEASON2,1,13,10,30038,Tokopedia Discount of Rp5K,COUPON,,25000,68,67,67
2026-09-15,GAMIFICATION-SEASON2,1,13,10,30039,Balance Rp100,CASHBACK,100.00,211809,272,271,271
2026-09-15,GAMIFICATION-SEASON2,1,13,10,30040,Balance Rp500,CASHBACK,500.00,141206,166,165,165
2026-09-15,GAMIFICATION-SEASON2,1,13,10,30041,Balance Rp700,CASHBACK,700.00,70603,75,74,74
2026-09-15,GAMIFICATION-SEASON2,1,13,10,30042,Balance Rp1.000,CASHBACK,1000.00,70603,79,76,76
2026-09-15,GAMIFICATION-SEASON2,2,14,20,30043,5 Weverse Jelly,COUPON,,41,8,8,8
2026-09-15,GAMIFICATION-SEASON2,2,14,20,30044,Indomaret Discount of Rp5K,COUPON,,20000,53,52,52
2026-09-15,GAMIFICATION-SEASON2,2,14,20,30045,Tokopedia Discount of Rp5K,COUPON,,25000,50,50,50
2026-09-15,GAMIFICATION-SEASON2,2,14,20,30046,Blibli Discount of Rp5K,COUPON,,25000,102,100,100
2026-09-15,GAMIFICATION-SEASON2,2,14,20,30047,15% Discount in Ismaya+ Merchant,COUPON,,408,5,5,5
2026-09-15,GAMIFICATION-SEASON2,2,14,20,30048,Balance Rp100,CASHBACK,100.00,122404,164,163,163
2026-09-15,GAMIFICATION-SEASON2,2,14,20,30049,Balance Rp500,CASHBACK,500.00,61202,103,101,101
2026-09-15,GAMIFICATION-SEASON2,2,14,20,30050,Balance Rp700,CASHBACK,700.00,61202,83,82,82
2026-09-15,GAMIFICATION-SEASON2,2,14,20,30051,Balance Rp1.000,CASHBACK,1000.00,12240,17,16,16
2026-09-15,GAMIFICATION-SEASON2,3,15,35,30052,Transmart Discount of Rp10K,COUPON,,21957,41,41,41
2026-09-15,GAMIFICATION-SEASON2,3,15,35,30053,Metro Discount of Rp10K,COUPON,,10979,20,20,20
2026-09-15,GAMIFICATION-SEASON2,3,15,35,30054,Wendy's Discount of Rp5K,COUPON,,10979,22,20,20
2026-09-15,GAMIFICATION-SEASON2,3,15,35,30055,Baskin Robbins Discount of Rp5K,COUPON,,10979,22,22,22
2026-09-15,GAMIFICATION-SEASON2,3,15,35,30056,The Coffee Bean & Tea Leaf  Discount of Rp5K,COUPON,,10979,20,20,20
2026-09-15,GAMIFICATION-SEASON2,3,15,35,30057,Metro Discount of Rp5K,COUPON,,10979,28,27,27
2026-09-15,GAMIFICATION-SEASON2,3,15,35,30058,Balance Rp100,CASHBACK,100.00,21957,36,36,36
2026-09-15,GAMIFICATION-SEASON2,3,15,35,30059,Balance Rp500,CASHBACK,500.00,43914,92,92,92
2026-09-15,GAMIFICATION-SEASON2,3,15,35,30060,Balance Rp700,CASHBACK,700.00,43914,77,76,76
2026-09-15,GAMIFICATION-SEASON2,3,15,35,30061,Balance Rp1.000,CASHBACK,1000.00,32936,45,45,45
2026-09-15,GAMIFICATION-SEASON2,4,16,50,30062,Tokopedia Discount of Rp10K,COUPON,,10713,27,27,27
2026-09-15,GAMIFICATION-SEASON2,4,16,50,30063,Blibli Discount of Rp15K,COUPON,,5357,15,14,14
2026-09-15,GAMIFICATION-SEASON2,4,16,50,30064,Metro Discount of Rp50K,COUPON,,5357,9,8,8
2026-09-15,GAMIFICATION-SEASON2,4,16,50,30065,Metro Discount of Rp15K,COUPON,,10713,25,25,25
2026-09-15,GAMIFICATION-SEASON2,4,16,50,30066,Metro Discount of Rp10K,COUPON,,10713,27,27,27
2026-09-15,GAMIFICATION-SEASON2,4,16,50,30067,Zena Discount of Rp100K,COUPON,,30,2,1,1
2026-09-15,GAMIFICATION-SEASON2,4,16,50,30068,Prime Bag by Zena,COUPON,,6,2,2,2
2026-09-15,GAMIFICATION-SEASON2,4,16,50,30070,Balance Rp100,CASHBACK,100.00,12856,18,18,18
2026-09-15,GAMIFICATION-SEASON2,4,16,50,30071,Balance Rp500,CASHBACK,500.00,21426,25,25,25
2026-09-15,GAMIFICATION-SEASON2,4,16,50,30072,Balance Rp700,CASHBACK,700.00,16070,23,23,23
2026-09-15,GAMIFICATION-SEASON2,4,16,50,30073,Balance Rp1.000,CASHBACK,1000.00,10713,17,17,17
2026-09-15,GAMIFICATION-SEASON2,4,16,50,30126,JD Sports Discount of Rp50K,COUPON,,346,2,2,2
2026-09-15,GAMIFICATION-SEASON2,5,17,75,30075,5 Weverse Jelly,COUPON,,57,4,3,3
2026-09-15,GAMIFICATION-SEASON2,5,17,75,30077,Balance Rp500,CASHBACK,500.00,13675,5,5,5
2026-09-15,GAMIFICATION-SEASON2,5,17,75,30078,Balance Rp1.000,CASHBACK,1000.00,4558,3,3,3
2026-09-15,GAMIFICATION-SEASON2,6,18,100,30085,Balance Rp2.000,CASHBACK,2000.00,3216,1,1,1
