program_id,blind_box_id,blind_box_id2,stamp_required,reward_id,reward_name,reward_type,cashback_value,stock_total,stock_distributed,total_claim,total_claim_user
GAMIFICATION-SEASON2,1,13,10,30034,Indomaret Discount of Rp5K,COUPON,,25000,38,38,38
GAMIFICATION-SEASON2,1,13,10,30035,Cinema XXI Discount of Rp5K,COUPON,,25000,42,42,42
GAMIFICATION-SEASON2,1,13,10,30036,Green SM Discount of Rp5K,COUPON,,25000,37,37,37
GAMIFICATION-SEASON2,1,13,10,30037,Bluebird Discount of Rp5K,COUPON,,25000,47,47,47
GAMIFICATION-SEASON2,1,13,10,30038,Tokopedia Discount of Rp5K,COUPON,,25000,68,68,68
GAMIFICATION-SEASON2,1,13,10,30039,Balance Rp100,CASHBACK,100.00,211809,272,272,272
GAMIFICATION-SEASON2,1,13,10,30040,Balance Rp500,CASHBACK,500.00,141206,166,166,166
GAMIFICATION-SEASON2,1,13,10,30041,Balance Rp700,CASHBACK,700.00,70603,75,75,75
GAMIFICATION-SEASON2,1,13,10,30042,Balance Rp1.000,CASHBACK,1000.00,70603,79,79,79
GAMIFICATION-SEASON2,2,14,20,30043,5 Weverse Jelly,COUPON,,41,8,8,8
GAMIFICATION-SEASON2,2,14,20,30044,Indomaret Discount of Rp5K,COUPON,,20000,53,53,53
GAMIFICATION-SEASON2,2,14,20,30045,Tokopedia Discount of Rp5K,COUPON,,25000,50,50,50
GAMIFICATION-SEASON2,2,14,20,30046,Blibli Discount of Rp5K,COUPON,,25000,102,102,102
GAMIFICATION-SEASON2,2,14,20,30047,15% Discount in Ismaya+ Merchant,COUPON,,408,5,5,5
GAMIFICATION-SEASON2,2,14,20,30048,Balance Rp100,CASHBACK,100.00,122404,164,164,164
GAMIFICATION-SEASON2,2,14,20,30049,Balance Rp500,CASHBACK,500.00,61202,103,103,103
GAMIFICATION-SEASON2,2,14,20,30050,Balance Rp700,CASHBACK,700.00,61202,83,83,83
GAMIFICATION-SEASON2,2,14,20,30051,Balance Rp1.000,CASHBACK,1000.00,12240,17,17,17
GAMIFICATION-SEASON2,3,15,35,30052,Transmart Discount of Rp10K,COUPON,,21957,41,41,41
GAMIFICATION-SEASON2,3,15,35,30053,Metro Discount of Rp10K,COUPON,,10979,20,20,20
GAMIFICATION-SEASON2,3,15,35,30054,Wendy's Discount of Rp5K,COUPON,,10979,22,22,22
GAMIFICATION-SEASON2,3,15,35,30055,Baskin Robbins Discount of Rp5K,COUPON,,10979,22,22,22
GAMIFICATION-SEASON2,3,15,35,30056,The Coffee Bean & Tea Leaf  Discount of Rp5K,COUPON,,10979,20,20,20
GAMIFICATION-SEASON2,3,15,35,30057,Metro Discount of Rp5K,COUPON,,10979,28,28,28
GAMIFICATION-SEASON2,3,15,35,30058,Balance Rp100,CASHBACK,100.00,21957,36,36,36
GAMIFICATION-SEASON2,3,15,35,30059,Balance Rp500,CASHBACK,500.00,43914,92,92,92
GAMIFICATION-SEASON2,3,15,35,30060,Balance Rp700,CASHBACK,700.00,43914,77,77,77
GAMIFICATION-SEASON2,3,15,35,30061,Balance Rp1.000,CASHBACK,1000.00,32936,45,45,45
GAMIFICATION-SEASON2,4,16,50,30062,Tokopedia Discount of Rp10K,COUPON,,10713,27,27,27
GAMIFICATION-SEASON2,4,16,50,30063,Blibli Discount of Rp15K,COUPON,,5357,15,15,15
GAMIFICATION-SEASON2,4,16,50,30064,Metro Discount of Rp50K,COUPON,,5357,9,9,9
GAMIFICATION-SEASON2,4,16,50,30065,Metro Discount of Rp15K,COUPON,,10713,25,25,25
GAMIFICATION-SEASON2,4,16,50,30066,Metro Discount of Rp10K,COUPON,,10713,27,27,27
GAMIFICATION-SEASON2,4,16,50,30067,Zena Discount of Rp100K,COUPON,,30,2,2,2
GAMIFICATION-SEASON2,4,16,50,30068,Prime Bag by Zena,COUPON,,6,2,2,2
GAMIFICATION-SEASON2,4,16,50,30069,Iris Bag by Zena,COUPON,,7,0,,
GAMIFICATION-SEASON2,4,16,50,30070,Balance Rp100,CASHBACK,100.00,12856,18,18,18
GAMIFICATION-SEASON2,4,16,50,30071,Balance Rp500,CASHBACK,500.00,21426,25,25,25
GAMIFICATION-SEASON2,4,16,50,30072,Balance Rp700,CASHBACK,700.00,16070,23,23,23
GAMIFICATION-SEASON2,4,16,50,30073,Balance Rp1.000,CASHBACK,1000.00,10713,17,17,17
GAMIFICATION-SEASON2,4,16,50,30125,JD Sports Discount of Rp100K,COUPON,,346,0,,
GAMIFICATION-SEASON2,4,16,50,30126,JD Sports Discount of Rp50K,COUPON,,346,2,2,2
GAMIFICATION-SEASON2,5,17,75,30074,Weverse Digital Membership,COUPON,,821,0,,
GAMIFICATION-SEASON2,5,17,75,30075,5 Weverse Jelly,COUPON,,57,4,4,4
GAMIFICATION-SEASON2,5,17,75,30076,Weverse DM,COUPON,,91,0,,
GAMIFICATION-SEASON2,5,17,75,30077,Balance Rp500,CASHBACK,500.00,13675,5,5,5
GAMIFICATION-SEASON2,5,17,75,30078,Balance Rp1.000,CASHBACK,1000.00,4558,3,3,3
GAMIFICATION-SEASON2,5,17,75,30079,Balance Rp2.000,CASHBACK,2000.00,4558,0,,
GAMIFICATION-SEASON2,5,17,75,30080,Balance Rp5.000,CASHBACK,5000.00,2279,0,,
GAMIFICATION-SEASON2,6,18,100,30081,Cinema XXI Discount of Rp75K,COUPON,,2144,0,,
GAMIFICATION-SEASON2,6,18,100,30082,Cinema XXI Discount of Rp50K,COUPON,,4288,0,,
GAMIFICATION-SEASON2,6,18,100,30083,Cinema XXI Discount of Rp20K,COUPON,,5360,0,,
GAMIFICATION-SEASON2,6,18,100,30084,Balance Rp1.000,CASHBACK,1000.00,3216,0,,
GAMIFICATION-SEASON2,6,18,100,30085,Balance Rp2.000,CASHBACK,2000.00,3216,1,1,1
GAMIFICATION-SEASON2,6,18,100,30086,Balance Rp3.000,CASHBACK,3000.00,3216,0,,
GAMIFICATION-SEASON2,7,19,120,30087,Shopee Discount of Rp500K,COUPON,,6,0,,
GAMIFICATION-SEASON2,7,19,120,30088,Shopee Discount of Rp100K,COUPON,,13,0,,
GAMIFICATION-SEASON2,7,19,120,30089,Shopee Discount of Rp50K,COUPON,,13,0,,
GAMIFICATION-SEASON2,7,19,120,30090,Blibli Discount of Rp50K,COUPON,,13,0,,
GAMIFICATION-SEASON2,7,19,120,30091,Gocar Discount of Rp25K,COUPON,,132,0,,
GAMIFICATION-SEASON2,7,19,120,30092,GoFood Discount of Rp25K,COUPON,,211,0,,
GAMIFICATION-SEASON2,7,19,120,30093,GoFood Discount of Rp50K,COUPON,,132,0,,
GAMIFICATION-SEASON2,7,19,120,30094,GrabFood Discount of Rp50K,COUPON,,13,0,,
GAMIFICATION-SEASON2,7,19,120,30095,Balance Rp1.000,CASHBACK,1000.00,395,0,,
GAMIFICATION-SEASON2,7,19,120,30096,Balance Rp2.000,CASHBACK,2000.00,2633,0,,
GAMIFICATION-SEASON2,7,19,120,30097,Balance Rp5.000,CASHBACK,5000.00,1304,0,,
GAMIFICATION-SEASON2,8,20,145,30098,All Pro Bag by Zena,COUPON,,2,0,,
GAMIFICATION-SEASON2,8,20,145,30099,City Bag by Zena,COUPON,,2,0,,
GAMIFICATION-SEASON2,8,20,145,30100,Aero Bag by Zena,COUPON,,2,0,,
GAMIFICATION-SEASON2,8,20,145,30101,Balance Rp5.000,CASHBACK,5000.00,2236,0,,
GAMIFICATION-SEASON2,8,20,145,30102,Balance Rp10.000,CASHBACK,10000.00,1491,0,,
GAMIFICATION-SEASON2,8,20,145,30127,Rp100k Court Disc by DOOgether,COUPON,,5,0,,
GAMIFICATION-SEASON2,8,20,145,30128,JD Sports Discount of Rp200K,COUPON,,745,0,,
GAMIFICATION-SEASON2,8,20,145,30129,JD Sports Rp500k,COUPON,,7,0,,
GAMIFICATION-SEASON2,8,20,145,30130,JD Sports 100K Discount,COUPON,,1118,0,,
GAMIFICATION-SEASON2,8,20,145,30131,JD Sports Rp150K Discount,COUPON,,1118,0,,
GAMIFICATION-SEASON2,8,20,145,30132,On Cloudtilt Shoes (JD Sports),COUPON,,1,0,,
GAMIFICATION-SEASON2,8,20,145,30133,1 Session in Strong Pilates,COUPON,,0,0,,
GAMIFICATION-SEASON2,9,21,180,30103,Tokopedia Discount of Rp25K,COUPON,,629,0,,
GAMIFICATION-SEASON2,9,21,180,30104,Blibli Discount of Rp50K,COUPON,,1593,0,,
GAMIFICATION-SEASON2,9,21,180,30105,Balance Rp10.000,CASHBACK,10000.00,922,0,,
GAMIFICATION-SEASON2,9,21,180,30106,Balance Rp20.000,CASHBACK,20000.00,629,0,,
GAMIFICATION-SEASON2,9,21,180,30107,Balance Rp30.000,CASHBACK,30000.00,210,0,,
GAMIFICATION-SEASON2,9,21,180,30134,K-Pop Lightstick,COUPON,,10,0,,
GAMIFICATION-SEASON2,9,21,180,30135,K-Pop Album,COUPON,,10,0,,
GAMIFICATION-SEASON2,10,22,210,30108,Ismaya+ Discount of Rp10K,COUPON,,211,0,,
GAMIFICATION-SEASON2,10,22,210,30109,Ismaya+ Discount of Rp250K,COUPON,,5,0,,
GAMIFICATION-SEASON2,10,22,210,30110,Ismaya+ Discount of Rp150K,COUPON,,7,0,,
GAMIFICATION-SEASON2,10,22,210,30111,Ismaya+ Discount of Rp100K,COUPON,,5,0,,
GAMIFICATION-SEASON2,10,22,210,30112,Ismaya+ Discount of Rp50K,COUPON,,2,0,,
GAMIFICATION-SEASON2,10,22,210,30113,Balance Rp10.000,CASHBACK,10000.00,329,0,,
GAMIFICATION-SEASON2,10,22,210,30114,Balance Rp20.000,CASHBACK,20000.00,52,0,,
GAMIFICATION-SEASON2,11,23,250,30115,Antavaya Discount of Rp200K,COUPON,,311,0,,
GAMIFICATION-SEASON2,11,23,250,30116,Tokopedia Discount of Rp300K,COUPON,,130,0,,
GAMIFICATION-SEASON2,11,23,250,30117,Blibli Discount of Rp200K,COUPON,,194,0,,
GAMIFICATION-SEASON2,11,23,250,30118,Tokopedia Discount of Rp200K,COUPON,,130,0,,
GAMIFICATION-SEASON2,11,23,250,30119,Tokopedia Discount of Rp100K,COUPON,,130,0,,
GAMIFICATION-SEASON2,11,23,250,30120,Blibli Discount of Rp75K,COUPON,,324,0,,
GAMIFICATION-SEASON2,11,23,250,30121,Balance Rp50.000,CASHBACK,50000.00,65,0,,
GAMIFICATION-SEASON2,11,23,250,30136,Trip to South Korea,COUPON,,2,0,,
GAMIFICATION-SEASON2,12,24,300,30122,Tokopedia Discount of Rp300K,COUPON,,153,0,,
GAMIFICATION-SEASON2,12,24,300,30123,Blibli Discount of Rp200K,COUPON,,219,0,,
GAMIFICATION-SEASON2,12,24,300,30124,Balance Rp50.000,CASHBACK,50000.00,20,0,,
GAMIFICATION-SEASON2,12,24,300,30137,iPhone Air 17,COUPON,,1,0,,
GAMIFICATION-SEASON2,12,24,300,30138,Airpods 4,COUPON,,4,0,,
