id,blind_box_id2,program_id,name_en,type,coupon_ref_id,stock_total,stock_distributed,total_user_claimed,total_user_redeemed,spend_amount
30034,1,GAMIFICATION-SEASON2,Indomaret Discount of Rp5K,COUPON,C20260907100004,25000,38,38,0,
30035,1,GAMIFICATION-SEASON2,Cinema XXI Discount of Rp5K,COUPON,C20260907090002,25000,45,45,0,
30036,1,GAMIFICATION-SEASON2,Green SM Discount of Rp5K,COUPON,C20260907100001,25000,41,41,0,
30037,1,GAMIFICATION-SEASON2,Bluebird Discount of Rp5K,COUPON,C20260907100002,25000,49,49,0,
30038,1,GAMIFICATION-SEASON2,Tokopedia Discount of Rp5K,COUPON,C20260907100005,25000,72,72,9,45000.00
30039,1,GAMIFICATION-SEASON2,Balance Rp100,CASHBACK,,211809,281,281,281,28100.00
30040,1,GAMIFICATION-SEASON2,Balance Rp500,CASHBACK,,141206,173,173,173,86500.00
30041,1,GAMIFICATION-SEASON2,Balance Rp700,CASHBACK,,70603,80,80,80,56000.00
30042,1,GAMIFICATION-SEASON2,Balance Rp1.000,CASHBACK,,70603,81,81,81,81000.00
30043,2,GAMIFICATION-SEASON2,5 Weverse Jelly,COUPON,C20260818100001,41,8,8,0,
30044,2,GAMIFICATION-SEASON2,Indomaret Discount of Rp5K,COUPON,C20260907090001,20000,54,54,2,10000.00
30045,2,GAMIFICATION-SEASON2,Tokopedia Discount of Rp5K,COUPON,C20260907100003,25000,52,52,7,35000.00
30046,2,GAMIFICATION-SEASON2,Blibli Discount of Rp5K,COUPON,C20260907100006,25000,105,105,9,45000.00
30047,2,GAMIFICATION-SEASON2,15% Discount in Ismaya+ Merchant,COUPON,C20260827120001,408,5,5,0,
30048,2,GAMIFICATION-SEASON2,Balance Rp100,CASHBACK,,122404,170,170,170,17000.00
30049,2,GAMIFICATION-SEASON2,Balance Rp500,CASHBACK,,61202,106,106,106,53000.00
30050,2,GAMIFICATION-SEASON2,Balance Rp700,CASHBACK,,61202,83,83,83,58100.00
30051,2,GAMIFICATION-SEASON2,Balance Rp1.000,CASHBACK,,12240,18,18,18,18000.00
30052,3,GAMIFICATION-SEASON2,Transmart Discount of Rp10K,COUPON,C20260812110002,21957,43,43,0,
30053,3,GAMIFICATION-SEASON2,Metro Discount of Rp10K,COUPON,C20260818100002,10979,20,20,0,
30054,3,GAMIFICATION-SEASON2,Wendy's Discount of Rp5K,COUPON,C20260818140002,10979,22,22,0,
30055,3,GAMIFICATION-SEASON2,Baskin Robbins Discount of Rp5K,COUPON,C20260820110001,10979,24,24,0,
30056,3,GAMIFICATION-SEASON2,The Coffee Bean & Tea Leaf  Discount of Rp5K,COUPON,C20260910100001,10979,21,21,0,
30057,3,GAMIFICATION-SEASON2,Metro Discount of Rp5K,COUPON,C20260818140005,10979,28,28,0,
30058,3,GAMIFICATION-SEASON2,Balance Rp100,CASHBACK,,21957,36,36,36,3600.00
30059,3,GAMIFICATION-SEASON2,Balance Rp500,CASHBACK,,43914,92,92,92,46000.00
30060,3,GAMIFICATION-SEASON2,Balance Rp700,CASHBACK,,43914,79,79,79,55300.00
30061,3,GAMIFICATION-SEASON2,Balance Rp1.000,CASHBACK,,32936,45,45,45,45000.00
30062,4,GAMIFICATION-SEASON2,Tokopedia Discount of Rp10K,COUPON,C20260818150001,10713,27,27,4,40000.00
30063,4,GAMIFICATION-SEASON2,Blibli Discount of Rp15K,COUPON,C20260818150002,5357,15,15,1,15000.00
30064,4,GAMIFICATION-SEASON2,Metro Discount of Rp50K,COUPON,C20260818150003,5357,9,9,0,
30065,4,GAMIFICATION-SEASON2,Metro Discount of Rp15K,COUPON,C20260818150004,10713,26,26,0,
30066,4,GAMIFICATION-SEASON2,Metro Discount of Rp10K,COUPON,C20260818150008,10713,28,28,0,
30067,4,GAMIFICATION-SEASON2,Zena Discount of Rp100K,COUPON,C20260827110001,30,2,2,0,
30068,4,GAMIFICATION-SEASON2,Prime Bag by Zena,COUPON,C20260821160004,6,2,2,0,
30069,4,GAMIFICATION-SEASON2,Iris Bag by Zena,COUPON,C20260821160005,7,0,0,0,
30070,4,GAMIFICATION-SEASON2,Balance Rp100,CASHBACK,,12856,18,18,18,1800.00
30071,4,GAMIFICATION-SEASON2,Balance Rp500,CASHBACK,,21426,26,26,26,13000.00
30072,4,GAMIFICATION-SEASON2,Balance Rp700,CASHBACK,,16070,23,23,23,16100.00
30073,4,GAMIFICATION-SEASON2,Balance Rp1.000,CASHBACK,,10713,17,17,17,17000.00
30125,4,GAMIFICATION-SEASON2,JD Sports Discount of Rp100K,COUPON,C20260909140001,346,0,0,0,
30126,4,GAMIFICATION-SEASON2,JD Sports Discount of Rp50K,COUPON,C20260909140002,346,2,2,0,
30074,5,GAMIFICATION-SEASON2,Weverse Digital Membership,COUPON,C20260826140001,821,0,0,0,
30075,5,GAMIFICATION-SEASON2,5 Weverse Jelly,COUPON,C20260826140002,57,4,4,0,
30076,5,GAMIFICATION-SEASON2,Weverse DM,COUPON,C20260826150001,91,0,0,0,
30077,5,GAMIFICATION-SEASON2,Balance Rp500,CASHBACK,,13675,5,5,5,2500.00
30078,5,GAMIFICATION-SEASON2,Balance Rp1.000,CASHBACK,,4558,3,3,3,3000.00
30079,5,GAMIFICATION-SEASON2,Balance Rp2.000,CASHBACK,,4558,0,0,0,
30080,5,GAMIFICATION-SEASON2,Balance Rp5.000,CASHBACK,,2279,0,0,0,
30081,6,GAMIFICATION-SEASON2,Cinema XXI Discount of Rp75K,COUPON,C20260814170004,2144,0,0,0,
30082,6,GAMIFICATION-SEASON2,Cinema XXI Discount of Rp50K,COUPON,C20260812160002,4288,0,0,0,
30083,6,GAMIFICATION-SEASON2,Cinema XXI Discount of Rp20K,COUPON,C20260812160004,5360,0,0,0,
30084,6,GAMIFICATION-SEASON2,Balance Rp1.000,CASHBACK,,3216,0,0,0,
30085,6,GAMIFICATION-SEASON2,Balance Rp2.000,CASHBACK,,3216,1,1,1,2000.00
30086,6,GAMIFICATION-SEASON2,Balance Rp3.000,CASHBACK,,3216,0,0,0,
30087,7,GAMIFICATION-SEASON2,Shopee Discount of Rp500K,COUPON,C20260821150001,6,0,0,0,
30088,7,GAMIFICATION-SEASON2,Shopee Discount of Rp100K,COUPON,C20260821150003,13,0,0,0,
30089,7,GAMIFICATION-SEASON2,Shopee Discount of Rp50K,COUPON,C20260821150004,13,0,0,0,
30090,7,GAMIFICATION-SEASON2,Blibli Discount of Rp50K,COUPON,C20260821160001,13,0,0,0,
30091,7,GAMIFICATION-SEASON2,Gocar Discount of Rp25K,COUPON,C20260821150005,132,0,0,0,
30092,7,GAMIFICATION-SEASON2,GoFood Discount of Rp25K,COUPON,C20260821150006,211,0,0,0,
30093,7,GAMIFICATION-SEASON2,GoFood Discount of Rp50K,COUPON,C20260821150007,132,0,0,0,
30094,7,GAMIFICATION-SEASON2,GrabFood Discount of Rp50K,COUPON,,13,0,0,0,
30095,7,GAMIFICATION-SEASON2,Balance Rp1.000,CASHBACK,,395,0,0,0,
30096,7,GAMIFICATION-SEASON2,Balance Rp2.000,CASHBACK,,2633,0,0,0,
30097,7,GAMIFICATION-SEASON2,Balance Rp5.000,CASHBACK,,1304,0,0,0,
30098,8,GAMIFICATION-SEASON2,All Pro Bag by Zena,COUPON,C20260821160006,2,0,0,0,
30099,8,GAMIFICATION-SEASON2,City Bag by Zena,COUPON,C20260821160007,2,0,0,0,
30100,8,GAMIFICATION-SEASON2,Aero Bag by Zena,COUPON,C20260821160008,2,0,0,0,
30101,8,GAMIFICATION-SEASON2,Balance Rp5.000,CASHBACK,,2236,0,0,0,
30102,8,GAMIFICATION-SEASON2,Balance Rp10.000,CASHBACK,,1491,0,0,0,
30127,8,GAMIFICATION-SEASON2,Rp100k Court Disc by DOOgether,COUPON,,5,0,0,0,
30128,8,GAMIFICATION-SEASON2,JD Sports Discount of Rp200K,COUPON,C20260909140003,745,0,0,0,
30129,8,GAMIFICATION-SEASON2,JD Sports Rp500k,COUPON,C20260909140004,7,0,0,0,
30130,8,GAMIFICATION-SEASON2,JD Sports 100K Discount,COUPON,C20260909140005,1118,0,0,0,
30131,8,GAMIFICATION-SEASON2,JD Sports Rp150K Discount,COUPON,C20260909140006,1118,0,0,0,
30132,8,GAMIFICATION-SEASON2,On Cloudtilt Shoes (JD Sports),COUPON,C20260909150005,1,0,0,0,
30133,8,GAMIFICATION-SEASON2,1 Session in Strong Pilates,COUPON,,0,0,0,0,
30103,9,GAMIFICATION-SEASON2,Tokopedia Discount of Rp25K,COUPON,C20260821140001,629,0,0,0,
30104,9,GAMIFICATION-SEASON2,Blibli Discount of Rp50K,COUPON,C20260821140002,1593,0,0,0,
30105,9,GAMIFICATION-SEASON2,Balance Rp10.000,CASHBACK,,922,0,0,0,
30106,9,GAMIFICATION-SEASON2,Balance Rp20.000,CASHBACK,,629,0,0,0,
30107,9,GAMIFICATION-SEASON2,Balance Rp30.000,CASHBACK,,210,0,0,0,
30134,9,GAMIFICATION-SEASON2,K-Pop Lightstick,COUPON,C20260909150009,10,0,0,0,
30135,9,GAMIFICATION-SEASON2,K-Pop Album,COUPON,C20260909150010,10,0,0,0,
30108,10,GAMIFICATION-SEASON2,Ismaya+ Discount of Rp10K,COUPON,C20260818150009,211,0,0,0,
30109,10,GAMIFICATION-SEASON2,Ismaya+ Discount of Rp250K,COUPON,C20260813100004,5,0,0,0,
30110,10,GAMIFICATION-SEASON2,Ismaya+ Discount of Rp150K,COUPON,C20260818150007,7,0,0,0,
30111,10,GAMIFICATION-SEASON2,Ismaya+ Discount of Rp100K,COUPON,C20260812150001,5,0,0,0,
30112,10,GAMIFICATION-SEASON2,Ismaya+ Discount of Rp50K,COUPON,C20260812150002,2,0,0,0,
30113,10,GAMIFICATION-SEASON2,Balance Rp10.000,CASHBACK,,329,0,0,0,
30114,10,GAMIFICATION-SEASON2,Balance Rp20.000,CASHBACK,,52,0,0,0,
30115,11,GAMIFICATION-SEASON2,Antavaya Discount of Rp200K,COUPON,C20260818150006,311,0,0,0,
30116,11,GAMIFICATION-SEASON2,Tokopedia Discount of Rp300K,COUPON,C20260812150004,130,0,0,0,
30117,11,GAMIFICATION-SEASON2,Blibli Discount of Rp200K,COUPON,C20260818150005,194,0,0,0,
30118,11,GAMIFICATION-SEASON2,Tokopedia Discount of Rp200K,COUPON,C20260812160003,130,0,0,0,
30119,11,GAMIFICATION-SEASON2,Tokopedia Discount of Rp100K,COUPON,C20260812160005,130,0,0,0,
30120,11,GAMIFICATION-SEASON2,Blibli Discount of Rp75K,COUPON,C20260812160006,324,0,0,0,
30121,11,GAMIFICATION-SEASON2,Balance Rp50.000,CASHBACK,,65,0,0,0,
30136,11,GAMIFICATION-SEASON2,Trip to South Korea,COUPON,C20260909150006,2,0,0,0,
30122,12,GAMIFICATION-SEASON2,Tokopedia Discount of Rp300K,COUPON,C20260812160007,153,0,0,0,
30123,12,GAMIFICATION-SEASON2,Blibli Discount of Rp200K,COUPON,C20260812170001,219,0,0,0,
30124,12,GAMIFICATION-SEASON2,Balance Rp50.000,CASHBACK,,20,0,0,0,
30137,12,GAMIFICATION-SEASON2,iPhone Air 17,COUPON,C20260909150007,1,0,0,0,
30138,12,GAMIFICATION-SEASON2,Airpods 4,COUPON,C20260909150008,4,0,0,0,
